Sex,Cases,Date,Perecent_Cases,Deaths,Percent_Deaths,Ca_Population
Female,5015,4/2/2020,,,,
Male,5547,4/2/2020,,,,
Unknown,139,4/2/2020,,,,
Female,5674,4/3/2020,,,,
Male,6202,4/3/2020,,,,
Unknown,150,4/3/2020,,,,
Female,6349,4/4/2020,,,,
Male,6876,4/4/2020,,,,
Unknown,213,4/4/2020,,,,
Female,6740,4/5/2020,,,,
Male,7296,4/5/2020,,,,
Unknown,300,4/5/2020,,,,
Female,7600,4/6/2020,,,,
Male,7957,4/6/2020,,,,
Unknown,308,4/6/2020,,,,
Female,8108,4/7/2020,,,,
Male,8488,4/7/2020,,,,
Unknown,361,4/7/2020,,,,
Female,8776,4/8/2020,,,,
Male,9130,4/8/2020,,,,
Transgender,2,4/8/2020,,,,
Unknown,401,4/8/2020,,,,
Female,9387,4/9/2020,,,,
Male,9745,4/9/2020,,,,
Unknown,400,4/9/2020,,,,
Female,9981,4/10/2020,,,,
Male,10330,4/10/2020,,,,
Unknown,304,4/10/2020,,,,
Female,9981,4/10/2020,,,,
Male,10330,4/10/2020,,,,
Unknown,304,4/10/2020,,,,
Female,10571,4/11/2020,,,,
Male,10926,4/11/2020,,,,
Unknown,297,4/11/2020,,,,
Female,10877,4/12/2020,,,,
Male,11256,4/12/2020,,,,
Unknown,215,4/12/2020,,,,
Female,11352,4/13/2020,,,,
Male,11772,4/13/2020,,,,
Unknown,214,4/13/2020,,,,
Female,11934,4/14/2020,,,,
Male,12265,4/14/2020,,,,
Unknown,225,4/14/2020,,,,
Female,12771,4/15/2020,,,,
Male,13169,4/15/2020,,,,
Unknown,242,4/15/2020,,,,
Female,13424,4/16/2020,,,,
Male,13865,4/16/2020,,,,
Unknown,239,4/16/2020,,,,
Female,14185,4/17/2020,,,,
Male,14535,4/17/2020,,,,
Unknown,243,4/17/2020,,,,
Female,14902,4/18/2020,,,,
Male,15185,4/18/2020,,,,
Unknown,246,4/18/2020,,,,
Female,15224,4/19/2020,,,,
Male,15507,4/19/2020,,,,
Unknown,247,4/19/2020,,,,
Female,16363,4/20/2020,,,,
Male,16641,4/20/2020,,,,
Unknown,257,4/20/2020,,,,
Female,17411,4/21/2020,,,,
Male,17718,4/21/2020,,,,
Unknown,267,4/21/2020,,,,
Female,18395,4/22/2020,49.23,552,39.54,50.31
Male,18690,4/22/2020,50.01,839,60.1,49.69
Unknown,284,4/22/2020,0.76,5,0.36,
Female,19394,4/23/2020,49.41,593,39.82,50.31
Male,19577,4/23/2020,49.87,891,59.84,49.69
Unknown,283,4/23/2020,0.72,5,0.34,
Female,20395,4/24/2020,49.58,625,39.73,50.31
Male,20459,4/24/2020,49.73,944,60.01,49.69
Unknown,283,4/24/2020,0.69,4,0.25,
Female,20908,4/25/2020,49.59,657,39.89,50.31
Male,20957,4/25/2020,49.7,986,59.87,49.69
Unknown,299,4/25/2020,0.71,4,0.24,
Female,21562,4/26/2020,49.61,664,39.62,50.31
Male,21600,4/26/2020,49.7,1007,60.08,49.69
Unknown,302,4/26/2020,0.69,5,0.3,
Female,22384,4/27/2020,49.71,688,39.98,50.31
Male,22337,4/27/2020,49.6,1028,59.73,49.69
Unknown,310,4/27/2020,0.69,5,0.29,
Female,23154,4/28/2020,49.79,725,40.08,50.31
Male,23045,4/28/2020,49.56,1079,59.65,49.69
Unknown,301,4/28/2020,0.65,5,0.28,
Female,24247,4/29/2020,49.57,764,40.42,50.31
Male,24372,4/29/2020,49.82,1121,59.31,49.69
Unknown,298,4/29/2020,0.61,5,0.26,
Female,24973,4/30/2020,49.5,812,40.8,50.31
Male,25167,4/30/2020,49.9,1171,58.9,49.69
Unknown,302,4/30/2020,0.6,5,0.3,
Female,25881,5/1/2020,49.58,858,41.19,50.31
Male,26006,5/1/2020,49.82,1220,58.57,49.69
Unknown,310,5/1/2020,0.59,5,0.24,
Female,26556,5/2/2020,49.5,887,41.5,50.3
Male,26716,5/2/2020,49.8,1246,58.3,49.7
Unknown,344,5/2/2020,0.6,5,0.2,0
Female,27239,5/3/2020,49.58,905,41.55,50.3
Male,27332,5/3/2020,49.75,1268,58.22,49.7
Unknown,366,5/3/2020,0.67,5,0.23,0
Female,27853,5/4/2020,49.5,929,41.8,50.3
Male,27980,5/4/2020,49.8,1287,57.9,49.7
Unknown,379,5/4/2020,0.7,5,0.2,0
Female,29190,5/5/2020,49.6,990,42.6,50.3
Male,29193,5/5/2020,49.6,1330,57.2,49.7
Unknown,432,5/5/2020,0.7,5,0.2,0
Female,30109,5/6/2020,49.7,1039,43.1,50.3
Male,30096,5/6/2020,49.7,1368,56.7,49.7
Unknown,409,5/6/2020,0.7,5,0.2,0
Female,30972,5/7/2020,49.5,1061,42.6,50.3
Male,31111,5/7/2020,49.8,1427,57.2,49.7
Unknown,429,5/7/2020,0.7,5,0.2,0
Female,31756,5/8/2020,49.2,1101,42.7,50.3
Male,32379,5/8/2020,50.2,1470,57.1,49.7
Unknown,426,5/8/2020,0.7,5,0.2,0
Female,32660,5/9/2020,49,1144,43.1,50.3
Male,33584,5/9/2020,50.4,1509,56.8,49.7
Unknown,436,5/9/2020,0.7,4,0.2,0
Female,33291,5/10/2020,49,1161,43.1,50.3
Male,34221,5/10/2020,50.4,1526,56.7,49.7
Unknown,427,5/10/2020,0.6,4,0.1,0
Female,33992,5/11/2020,49,1187,43.1,50.3
Male,34955,5/11/2020,50.4,1561,56.7,49.7
Unknown,435,5/11/2020,0.6,4,0.1,0
Female,34851,5/12/2020,49,1230,43.2,50.3
Male,35845,5/12/2020,50.4,1612,56.6,49.7
Unknown,445,5/12/2020,0.6,4,0.1,0
Female,35890,5/13/2020,49.1,1267,43.3,50.3
Male,36826,5/13/2020,50.3,1655,56.6,49.7
Unknown,448,5/13/2020,0.6,4,0.1,0
Female,36728,5/14/2020,49,1315,43.4,50.3
Male,37744,5/14/2020,50.4,1710,56.5,49.7
Unknown,464,5/14/2020,0.6,4,0.1,0
Female,37676,5/15/2020,49.1,1363,43.7,50.3
Male,38647,5/15/2020,50.3,1752,56.2,49.7
Unknown,470,5/15/2020,0.6,4,0.1,0
Female,38662,5/16/2020,49,1397,43.9,50.3
Male,39701,5/16/2020,50.4,1778,55.9,49.7
Unknown,476,5/16/2020,0.6,4,0.1,0
Female,39425,5/17/2020,49,1412,43.9,50.3
Male,40533,5/17/2020,50.4,1800,56,49.7
Unknown,472,5/17/2020,0.6,4,0.1,0
Female,40105,5/18/2020,49,1426,43.9,50.3
Male,41214,5/18/2020,50.4,1820,56,49.7
Unknown,476,5/18/2020,0.6,4,0.1,0
Female,41226,5/19/2020,49,1483,44,50.3
Male,42336,5/19/2020,50.4,1887,55.9,49.7
Unknown,495,5/19/2020,0.6,4,0.1,0
Female,42252,5/20/2020,49,1521,44.1,50.3
Male,43450,5/20/2020,50.4,1926,55.8,49.7
Unknown,495,5/20/2020,0.6,4,0.1,0
Female,43272,5/21/2020,48.9,1562,44.1,50.3
Male,44534,5/21/2020,50.4,1978,55.8,49.7
Unknown,638,5/21/2020,0.7,4,0.1,0
Female,44539,5/22/2020,49.1,1584,44.1,50.3
Male,45580,5/22/2020,50.3,2000,55.7,49.7
Unknown,512,5/22/2020,0.6,5,0.1,0
Female,45597,5/23/2020,49.2,1608,44.1,50.3
Male,46595,5/23/2020,50.3,2033,55.8,49.7
Unknown,518,5/23/2020,0.6,5,0.1,0
Female,46544,5/24/2020,49.2,1616,44.1,50.3
Male,47490,5/24/2020,50.2,2045,55.8,49.7
Unknown,524,5/24/2020,0.6,5,0.1,0
Female,47595,5/25/2020,49.2,1620,44,50.3
Male,48614,5/25/2020,50.3,2054,55.8,49.7
Unknown,524,5/25/2020,0.5,5,0.1,0
Female,48739,5/26/2020,49.2,1631,44,50.3
Male,49714,5/26/2020,50.2,2071,55.9,49.7
Unknown,527,5/26/2020,0.5,5,0.1,0
Female,50091,5/27/2020,49.3,1682,44.1,50.3
Male,51067,5/27/2020,50.2,2129,55.8,49.7
Unknown,539,5/27/2020,0.5,5,0.1,0
Female,51169,5/28/2020,49.3,1725,44.2,50.3
Male,52177,5/28/2020,50.2,2173,55.7,49.7
Unknown,540,5/28/2020,0.5,6,0.2,0
Female,52561,5/29/2020,49.2,1759,44.1,50.3
Male,53765,5/29/2020,50.3,2220,55.7,49.7
Unknown,552,5/29/2020,0.5,6,0.2,0
Female,54396,5/30/2020,49.2,1784,44.1,50.3
Male,55627,5/30/2020,50.3,2253,55.7,49.7
Unknown,560,5/30/2020,0.5,6,0.1,0
Female,55605,5/31/2020,49.2,1797,44,50.3
Male,56841,5/31/2020,50.3,2277,55.8,49.7
Unknown,560,5/31/2020,0.5,6,0.1,0
Female,56728,6/1/2020,49.2,1816,44,50.3
Male,58001,6/1/2020,50.3,2305,55.9,49.7
Unknown,581,6/1/2020,0.5,6,0.1,0
Female,57878,6/2/2020,49.2,1866,44.1,50.3
Male,59237,6/2/2020,50.3,2359,55.8,49.7
Unknown,572,6/2/2020,0.5,6,0.1,0
Female,58886,6/3/2020,49.2,1894,44.1,50.3
Male,60336,6/3/2020,50.4,2398,55.8,49.7
Unknown,585,6/3/2020,0.5,6,0.1,0
Female,60404,6/4/2020,49.1,1921,44,50.3
Male,61884,6/4/2020,50.4,2441,55.9,49.7
Unknown,613,6/4/2020,0.5,6,0.1,0
Female,61848,6/5/2020,49.1,1947,43.9,50.3
Male,63565,6/5/2020,50.4,2482,56,49.7
Unknown,603,6/5/2020,0.5,6,0.1,0
Female,63173,6/6/2020,49,1979,44,50.3
Male,65024,6/6/2020,50.5,2516,55.9,49.7
Unknown,615,6/6/2020,0.5,6,0.1,0
Female,64392,6/7/2020,49,1991,44,50.3
Male,66303,6/7/2020,50.5,2531,55.9,49.7
Unknown,624,6/7/2020,0.5,6,0.1,0
Female,65556,6/8/2020,49.1,2008,44,50.3
Male,67306,6/8/2020,50.4,2545,55.8,49.7
Unknown,627,6/8/2020,0.5,6,0.1,0
Female,66889,6/9/2020,49.1,2047,43.9,50.3
Male,68667,6/9/2020,50.4,2609,56,49.7
Unknown,635,6/9/2020,0.5,7,0.2,0
Female,68430,6/10/2020,49.1,2094,43.9,50.3
Male,70212,6/10/2020,50.4,2669,56,49.7
Unknown,639,6/10/2020,0.5,6,0.1,0
Female,69729,6/11/2020,49.1,2126,44,50.3
Male,71605,6/11/2020,50.4,2700,55.9,49.7
Unknown,649,6/11/2020,0.5,6,0.1,0
Female,71501,6/12/2020,49.1,2146,44,50.3
Male,73480,6/12/2020,50.5,2727,55.9,49.7
Unknown,662,6/12/2020,0.5,6,0.1,0
Female,73095,6/13/2020,49.1,2184,44,50.3
Male,75088,6/13/2020,50.4,2772,55.9,49.7
Unknown,672,6/13/2020,0.5,5,0.1,0
Female,74350,6/14/2020,49.1,2189,44,50.3
Male,76412,6/14/2020,50.5,2786,55.9,49.7
Unknown,690,6/14/2020,0.5,5,0.1,0
Female,75416,6/15/2020,49.1,2197,43.9,50.3
Female,264666,8/5/2020,49.9,4129,42.7,50.3
Male,259382,8/5/2020,48.9,5516,57.1,49.7
Unknown,5932,8/5/2020,1.1,15,0.2,0
Male,77466,6/15/2020,50.4,2800,56,49.7
Unknown,678,6/15/2020,0.4,5,0.1,0
Female,77199,6/16/2020,49.2,2226,44,50.3
Male,79128,6/16/2020,50.4,2833,55.9,49.7
Unknown,688,6/16/2020,0.4,5,0.1,0
Female,79243,6/17/2020,49.2,2260,44,50.3
Male,81212,6/17/2020,50.4,2877,56,49.7
Unknown,644,6/17/2020,0.4,5,0.1,0
Female,81326,6/18/2020,49.2,2307,43.9,50.3
Male,83438,6/18/2020,50.4,2937,55.9,49.7
Unknown,652,6/18/2020,0.4,6,0.1,0
Female,83285,6/19/2020,49.2,2328,43.8,50.3
Male,85352,6/19/2020,50.4,2984,56.1,49.7
Unknown,672,6/19/2020,0.4,6,0.1,0
Female,85516,6/20/2020,49.2,2368,43.8,50.3
Male,87602,6/20/2020,50.4,3028,56.1,49.7
Unknown,706,6/20/2020,0.4,6,0.1,0
Female,87641,6/21/2020,49.2,2372,43.7,50.3
Male,89690,6/21/2020,50.4,3047,56.2,49.7
Unknown,723,6/21/2020,0.4,6,0.1,0
Female,90119,6/22/2020,49.2,2384,43.8,50.3
Male,92199,6/22/2020,50.4,3055,56.1,49.7
Unknown,755,6/22/2020,0.4,6,0.1,0
Female,93554,6/23/2020,49.2,2397,43.6,50.3
Male,95884,6/23/2020,50.4,3095,56.3,49.7
Unknown,784,6/23/2020,0.4,7,0.1,0
Female,96068,6/24/2020,49.1,2445,43.6,50.3
Male,98718,6/24/2020,50.5,3151,56.2,49.7
Unknown,785,6/24/2020,0.4,7,0.1,0
Female,98564,6/25/2020,49.2,2500,43.7,50.3
Male,101070,6/25/2020,50.4,3210,56.1,49.7
Unknown,827,6/25/2020,0.4,7,0.1,0
Female,101509,6/26/2020,49.2,2524,43.6,50.3
Male,104025,6/26/2020,50.4,3255,56.3,49.7
Unknown,899,6/26/2020,0.4,7,0.1,0
Female,103517,6/27/2020,49.2,2531,43.6,50.3
Male,105949,6/27/2020,50.4,3272,56.3,49.7
Unknown,1777,6/27/2020,0.4,7,0.1,0
Female,106610,6/28/2020,49.2,2554,43.7,50.3
Male,108973,6/28/2020,50.3,3289,56.2,49.7
Unknown,967,6/28/2020,0.4,7,0.1,0
Female,109850,6/29/2020,49.3,2566,43.7,50.3
Male,112043,6/29/2020,50.3,3304,56.2,49.7
Unknown,1024,6/29/2020,0.5,7,0.1,0
Female,114626,6/30/2020,49.3,2607,43.6,50.3
Male,116952,6/30/2020,50.3,3363,56.3,49.7
Unknown,1079,6/30/2020,0.5,8,0.1,0
Female,118389,7/1/2020,49.3,2644,43.6,50.3
Male,120678,7/1/2020,50.2,3407,56.2,49.7
Unknown,1128,7/1/2020,0.5,8,0.1,0
Female,122484,7/2/2020,49.3,2701,43.7,50.3
Male,124555,7/2/2020,50.2,3475,56.2,49.7
Unknown,1196,7/2/2020,0.5,8,0.1,0
Female,125717,7/3/2020,49.4,2731,43.7,50.3
Male,127760,7/3/2020,50.2,3508,56.2,49.7
Unknown,1268,7/3/2020,0.5,8,0.1,0
Female,128461,7/4/2020,49.4,2740,43.7,50.3
Male,130351,7/4/2020,50.1,3517,56.1,49.7
Unknown,1343,7/4/2020,0.5,8,0.1,0
Female,134224,7/5/2020,49.4,2759,43.8,50.3
Male,136050,7/5/2020,50.1,3534,56.1,49.7
Unknown,1410,7/5/2020,0.5,8,0.1,0
Female,137284,7/6/2020,49.4,2785,43.8,50.3
Male,139077,7/6/2020,50.1,3569,56.1,49.7
Unknown,1413,7/6/2020,0.5,8,0.1,0
Female,142868,7/7/2020,49.4,2831,43.7,50.3
Male,145044,7/7/2020,50.1,3636,56.2,49.7
Unknown,1556,7/7/2020,0.5,8,0.1,0
Female,146384,7/8/2020,49.4,2888,43.6,50.3
Male,148498,7/8/2020,50.1,3725,56.3,49.7
Unknown,1617,7/8/2020,0.5,8,0.1,0
Female,150192,7/9/2020,49.4,2951,43.5,50.3
Male,152444,7/9/2020,50.1,3828,56.4,49.7
Unknown,1661,7/9/2020,0.5,8,0.1,0
Female,154241,7/10/2020,49.4,2989,43.4,50.3
Male,156397,7/10/2020,50.1,3895,56.5,49.7
Unknown,1706,7/10/2020,0.5,8,0.1,0
Female,158488,7/11/2020,49.4,3026,43.3,50.3
Male,160558,7/11/2020,50,3954,56.6,49.7
Unknown,1758,7/11/2020,0.5,9,0.1,0
Female,162718,7/12/2020,49.4,3040,43.3,50.3
Male,164635,7/12/2020,50,3965,56.5,49.7
Unknown,1809,7/12/2020,0.5,9,0.1,0
Female,166525,7/13/2020,49.5,3046,43.3,50.3
Male,168074,7/13/2020,50,3983,56.6,49.7
Unknown,1909,7/13/2020,0.5,10,0.1,0
Female,172288,7/14/2020,49.6,3107,43.4,50.3
Male,173454,7/14/2020,49.9,4048,56.5,49.7
Unknown,1892,7/14/2020,0.5,9,0.1,0
Female,176728,7/15/2020,49.6,3151,43.3,50.3
Male,177540,7/15/2020,49.8,4122,56.6,49.7
Unknown,1910,7/15/2020,0.5,10,0.1,0
Female,181894,7/16/2020,49.7,3194,43.1,50.3
Male,182303,7/16/2020,49.8,4205,56.8,49.7
Unknown,1967,7/16/2020,0.5,10,0.1,0
Female,186551,7/17/2020,49.7,3242,43.1,50.3
Male,186838,7/17/2020,49.8,4279,56.8,49.7
Unknown,1974,7/17/2020,0.5,9,0.1,0
Female,191173,7/18/2020,49.7,3279,43,50.3
Male,191472,7/18/2020,49.8,4331,56.8,49.7
Unknown,2047,7/18/2020,0.5,10,0.1,0
Female,194690,7/19/2020,49.7,3290,43,50.3
Male,194780,7/19/2020,49.7,4351,56.9,49.7
Unknown,2068,7/19/2020,0.5,10,0.1,0
Female,199561,7/20/2020,49.8,3303,43,50.3
Male,199097,7/20/2020,49.7,4364,56.8,49.7
Unknown,2111,7/20/2020,0.5,10,0.1,0
Female,206176,7/21/2020,49.9,3346,42.9,50.3
Male,205180,7/21/2020,49.6,4436,56.9,49.7
Unknown,2220,7/21/2020,0.5,11,0.1,0
Female,212405,7/22/2020,49.9,3409,42.9,50.3
Male,210959,7/22/2020,49.6,4530,57,49.7
Unknown,2252,7/22/2020,0.5,10,0.1,0
Female,217370,7/23/2020,49.9,3466,42.8,50.3
Male,215652,7/23/2020,49.5,4620,57.1,49.7
Unknown,2312,7/23/2020,0.5,10,0.1,0
Female,222622,7/24/2020,50,3523,42.7,50.3
Male,220392,7/24/2020,49.5,4708,57.1,49.7
Unknown,2386,7/24/2020,0.5,11,0.1,0
Female,226906,7/25/2020,50,3577,42.7,50.3
Male,224248,7/25/2020,49.4,4794,57.2,49.7
Unknown,2505,7/25/2020,0.6,11,0.1,0
Female,230423,7/26/2020,50,3591,42.7,50.3
Male,227545,7/26/2020,49.4,4810,57.2,49.7
Unknown,2582,7/26/2020,0.6,11,0.1,0
Female,233477,7/27/2020,50,3607,42.8,50.3
Male,230415,7/27/2020,49.4,4818,57.1,49.7
Unknown,2658,7/27/2020,0.6,11,0.1,0
Female,238049,7/28/2020,50.1,3630,42.6,50.3
Male,234575,7/28/2020,49.4,4875,57.2,49.7
Unknown,2681,7/28/2020,0.6,11,0.1,0
Female,242598,7/29/2020,50,3740,42.7,50.3
Male,238861,7/29/2020,49.2,5000,57.1,49.7
Unknown,4043,7/29/2020,0.8,11,0.1,0
Female,246279,7/30/2020,49.9,3831,42.9,50.3
Male,242315,7/30/2020,49.1,5095,57,49.7
Unknown,4994,7/30/2020,1,13,0.1,0
Female,249479,7/31/2020,49.9,3904,42.9,50.3
Male,245247,7/31/2020,49,5178,56.9,49.7
Unknown,5404,7/31/2020,1.1,13,0.1,0
Female,254017,8/1/2020,49.9,3962,42.8,50.3
Male,249405,8/1/2020,49,5277,57,49.7
Unknown,5740,8/1/2020,1.1,13,0.1,0
Female,256875,8/2/2020,49.9,3991,42.8,50.3
Male,252050,8/2/2020,49,5322,57.1,49.7
Unknown,5976,8/2/2020,1.2,13,0.1,0
Female,259130,8/3/2020,49.9,4000,42.8,50.3
Male,254274,8/3/2020,49,5336,57.1,49.7
Unknown,6023,8/3/2020,1.2,13,0.1,0
Female,261806,8/4/2020,49.9,4074,42.8,50.3
Male,256828,8/4/2020,48.9,5432,57.1,49.7
Unknown,6088,8/4/2020,1.2,14,0.1,0
Female,269155,8/6/2020,50,4188,42.7,50.3
Male,263409,8/6/2020,48.9,5605,57.2,49.7
Unknown,5852,8/6/2020,1.1,14,0.1,0
Female,273123,8/7/2020,50,4252,42.6,50.3
Male,266780,8/7/2020,48.9,5718,57.3,49.7
Unknown,5884,8/7/2020,1.1,12,0.1,0
Female,277523,8/8/2020,50.1,4328,42.5,50.3
Male,270528,8/8/2020,48.8,5831,57.3,49.7
Unknown,6109,8/8/2020,1.1,14,0.1,0
Female,281543,8/9/2020,50.1,4363,42.6,50.3
Male,274192,8/9/2020,48.8,5870,57.3,49.7
Unknown,6176,8/9/2020,1.1,14,0.1,0
Female,287810,8/10/2020,50.1,4376,42.6,50.3
Male,279981,8/10/2020,48.7,5881,57.3,49.7
Unknown,6620,8/10/2020,1.2,15,0.1,0
Female,293952,8/11/2020,50.2,4462,42.5,50.3
Male,285476,8/11/2020,48.7,6012,57.3,49.7
Unknown,6628,8/11/2020,1.1,17,0.2,0
Female,297645,8/12/2020,50.2,4537,42.5,50.3
Male,288921,8/12/2020,48.7,6112,57.3,49.7
Unknown,6575,8/12/2020,1.1,17,0.2,0
Female,301863,8/13/2020,50.2,4602,42.5,50.3
Male,292627,8/13/2020,48.7,6211,57.3,49.7
Unknown,6585,8/13/2020,1.1,18,0.2,0
Female,308346,8/14/2020,50.2,4673,42.5,50.3
Male,298738,8/14/2020,48.7,6304,57.3,49.7
Unknown,6605,8/14/2020,1.1,17,0.2,0
Female,312301,8/15/2020,50.2,4714,42.5,50.3
Male,302532,8/15/2020,48.7,6371,57.4,49.7
Unknown,6729,8/15/2020,1.1,19,0.2,0
Female,315642,8/16/2020,50.3,4718,42.5,50.3
Male,305562,8/16/2020,48.7,6377,57.4,49.7
Unknown,6827,8/16/2020,1.1,19,0.2,0
Female,317984,8/17/2020,50.3,4728,42.4,50.3
Male,307821,8/17/2020,48.7,6402,57.4,49.7
Unknown,6862,8/17/2020,1.1,15,0.1,0
Female,321189,8/18/2020,50.3,4784,42.3,50.3
Male,310752,8/18/2020,48.6,6502,57.5,49.7
Unknown,6890,8/18/2020,1.1,15,0.1,0
Female,324262,8/19/2020,50.3,4856,42.4,50.3
Male,313639,8/19/2020,48.6,6594,57.5,49.7
Unknown,6850,8/19/2020,1.1,16,0.1,0
Female,327161,8/20/2020,50.3,4905,42.3,50.3
Male,316372,8/20/2020,48.6,6667,57.5,49.7
Unknown,6803,8/20/2020,1,18,0.2,0
Female,330632,8/21/2020,50.3,4966,42.3,50.3
Male,319444,8/21/2020,48.6,6758,57.6,49.7
Unknown,6816,8/21/2020,1,17,0.1,0
Female,334071,8/22/2020,50.3,5044,42.2,50.3
Male,322768,8/22/2020,48.6,6883,57.6,49.7
Unknown,6830,8/22/2020,1,18,0.2,0
Female,336578,8/23/2020,50.3,5047,42.2,50.3
Male,325212,8/23/2020,48.6,6887,57.6,49.7
Unknown,6825,8/23/2020,1,21,0.2,0
Female,338946,8/24/2020,50.4,5071,42.2,50.3
Male,327315,8/24/2020,48.6,6911,57.6,49.7
Unknown,6834,8/24/2020,1,21,0.2,0
Female,342058,8/25/2020,50.4,5140,42.3,50.3
Male,330194,8/25/2020,48.6,6998,57.6,49.7
Unknown,6847,8/25/2020,1,20,0.2,0
Female,344479,8/26/2020,50.4,5203,42.3,50.3
Male,332354,8/26/2020,48.6,7072,57.5,49.7
Unknown,6696,8/26/2020,1,21,0.2,0
Female,347253,8/27/2020,50.4,5273,42.3,50.3
Male,334946,8/27/2020,48.6,7166,57.5,49.7
Unknown,6659,8/27/2020,1,22,0.2,0
Female,349907,8/28/2020,50.4,5317,42.3,50.3
Male,337348,8/28/2020,48.6,7230,57.5,49.7
Unknown,6584,8/28/2020,0.9,22,0.2,0
Female,353037,8/29/2020,50.4,5388,42.3,50.3
Male,340298,8/29/2020,48.6,7335,57.6,49.7
Unknown,6574,8/29/2020,0.9,22,0.2,0
Female,355181,8/30/2020,50.4,5399,42.3,50.3
Male,342297,8/30/2020,48.6,7336,57.5,49.7
Unknown,6607,8/30/2020,0.9,22,0.2,0
Female,357162,8/31/2020,50.5,5409,42.3,50.3
Male,344006,8/31/2020,48.6,7364,57.6,49.7
Unknown,6629,8/31/2020,0.9,22,0.2,0
Female,359315,9/1/2020,50.5,5473,42.3,50.3
Male,346117,9/1/2020,48.6,7456,57.6,49.7
Unknown,6620,9/1/2020,0.9,24,0.2,0
Female,362183,9/2/2020,50.5,5538,42.2,50.3
Male,348495,9/2/2020,48.6,7558,57.6,49.7
Unknown,6499,9/2/2020,0.9,24,0.2,0
Female,364956,9/3/2020,50.5,5616,42.3,50.3
Male,350835,9/3/2020,48.6,7652,57.6,49.7
Unknown,6492,9/3/2020,0.9,24,0.2,0
Female,367462,9/4/2020,50.5,5699,42.3,50.3
Male,353245,9/4/2020,48.6,7746,57.5,49.7
Unknown,6532,9/4/2020,0.9,24,0.2,0
Female,369877,9/5/2020,50.5,5755,42.3,50.3
Male,355719,9/5/2020,48.6,7814,57.5,49.7
Unknown,6548,9/5/2020,0.9,23,0.2,0
Female,371456,9/6/2020,50.5,5760,42.4,50.3
Male,357224,9/6/2020,48.6,7813,57.5,49.7
Unknown,6555,9/6/2020,0.9,23,0.2,0
Female,372728,9/7/2020,50.5,5783,42.4,50.3
Male,358617,9/7/2020,48.6,7841,57.5,49.7
Unknown,6566,9/7/2020,0.9,23,0.2,0
Female,373544,9/8/2020,50.5,5823,42.4,50.3
Male,359429,9/8/2020,48.6,7881,57.4,49.7
Unknown,6554,9/8/2020,0.9,23,0.2,0
Female,375254,9/9/2020,50.5,5875,42.4,50.3
Male,361051,9/9/2020,48.6,7949,57.4,49.7
Unknown,6560,9/9/2020,0.9,23,0.2,0
Female,376954,9/10/2020,50.5,5927,42.4,50.3
Male,362679,9/10/2020,48.6,8012,57.4,49.7
Unknown,6558,9/10/2020,0.9,24,0.2,0
Female,378984,9/11/2020,50.5,5975,42.4,50.3
Male,364731,9/11/2020,48.6,8083,57.4,49.7
Unknown,6583,9/11/2020,0.9,24,0.2,0
Female,381278,9/12/2020,50.5,6031,42.4,50.3
Male,367162,9/12/2020,48.6,8154,57.4,49.7
Unknown,6483,9/12/2020,0.9,25,0.2,0
Female,382809,9/13/2020,50.5,6030,42.4,50.3
Male,368459,9/13/2020,48.6,8156,57.4,49.7
Unknown,6510,9/13/2020,0.9,25,0.2,0
Female,383892,9/14/2020,50.5,6055,42.5,50.3
Male,369597,9/14/2020,48.6,8180,57.4,49.7
Unknown,6524,9/14/2020,0.9,25,0.2,0
Female,385393,9/15/2020,50.5,6132,42.6,50.3
Male,371046,9/15/2020,48.6,8254,57.3,49.7
Unknown,6524,9/15/2020,0.9,25,0.2,0
Female,386895,9/16/2020,50.5,6176,42.5,50.3
Male,372752,9/16/2020,48.6,8315,57.3,49.7
Unknown,6554,9/16/2020,0.9,26,0.2,0
Female,388633,9/17/2020,50.5,6224,42.6,50.3
Male,374646,9/17/2020,48.7,8377,57.3,49.7
Unknown,6552,9/17/2020,0.9,26,0.2,0
Female,390834,9/18/2020,50.5,6277,42.5,50.3
Male,376730,9/18/2020,48.7,8457,57.3,49.7
Unknown,6571,9/18/2020,0.8,28,0.2,0
Female,392944,9/19/2020,50.5,6320,42.6,50.3
Male,378892,9/19/2020,48.7,8500,57.2,49.7
Unknown,6564,9/19/2020,0.8,28,0.2,0
Female,394632,9/20/2020,50.5,6329,42.6,50.3
Male,380480,9/20/2020,48.7,8516,57.3,49.7
Unknown,6582,9/20/2020,0.8,28,0.2,0
Female,395828,9/21/2020,50.5,6346,42.6,50.3
Male,381901,9/21/2020,48.7,8526,57.2,49.7
Unknown,6595,9/21/2020,0.8,28,0.2,0
Female,397436,9/22/2020,50.5,6397,42.5,50.3
Male,383438,9/22/2020,48.7,8611,57.3,49.7
Unknown,6596,9/22/2020,0.8,30,0.2,0
Female,399084,9/23/2020,50.5,6450,42.6,50.3
Male,384959,9/23/2020,48.7,8674,57.2,49.7
Unknown,6597,9/23/2020,0.8,30,0.2,0
Female,400779,9/24/2020,50.5,6500,42.6,50.3
Male,386661,9/24/2020,48.7,8725,57.2,49.7
Unknown,6600,9/24/2020,0.8,31,0.2,0
Female,402911,9/25/2020,50.5,6553,42.7,50.3
Male,388687,9/25/2020,48.7,8776,57.1,49.7
Unknown,6639,9/25/2020,0.8,32,0.2,0
Female,404887,9/26/2020,50.5,6585,42.7,50.3
Male,390753,9/26/2020,48.7,8815,57.1,49.7
Unknown,6668,9/26/2020,0.8,32,0.2,0
Female,406263,9/27/2020,50.5,6595,42.7,50.3
Male,392328,9/27/2020,48.7,8824,57.1,49.7
Unknown,6672,9/27/2020,0.8,32,0.2,0
Female,407312,9/28/2020,50.4,6598,42.7,50.3
Male,393417,9/28/2020,48.7,8834,57.1,49.7
Unknown,6696,9/28/2020,0.8,30,0.2,0
Female,408908,9/29/2020,50.4,6683,42.7,50.3
Male,395012,9/29/2020,48.7,8943,57.1,49.7
Unknown,6705,9/29/2020,0.8,31,0.2,0
Female,410433,9/30/2020,50.4,6729,42.7,50.3
Male,396552,9/30/2020,48.7,8997,57.1,49.7
Unknown,6702,9/30/2020,0.8,31,0.2,0
Female,412239,10/1/2020,50.4,6787,42.6,50.3
Male,398313,10/1/2020,48.7,9100,57.2,49.7
Unknown,6725,10/1/2020,0.8,31,0.2,0
Female,413300,10/2/2020,50.4,6795,42.7,50.3
Male,399431,10/2/2020,48.7,9106,57.2,49.7
Unknown,6705,10/2/2020,0.8,31,0.2,0
Female,415440,10/3/2020,50.4,6821,42.6,50.3
Male,401556,10/3/2020,48.7,9147,57.2,49.7
Unknown,6733,10/3/2020,0.8,31,0.2,0
Female,416956,10/4/2020,50.4,6829,42.6,50.3
Male,403070,10/4/2020,48.8,9160,57.2,49.7
Unknown,6758,10/4/2020,0.8,31,0.2,0
Female,417819,10/5/2020,50.4,6839,42.6,50.3
Male,403885,10/5/2020,48.8,9176,57.2,49.7
Unknown,6757,10/5/2020,0.8,31,0.2,0
Female,419257,10/6/2020,50.4,6883,42.7,50.3
Male,405212,10/6/2020,48.7,9220,57.2,49.7
Unknown,6756,10/6/2020,0.8,28,0.2,0
Female,421112,10/7/2020,50.4,6922,42.7,50.3
Male,406928,10/7/2020,48.7,9275,57.2,49.7
Unknown,6760,10/7/2020,0.8,28,0.2,0
Female,423126,10/8/2020,50.5,6958,42.7,50.3
Male,408687,10/8/2020,48.7,9311,57.1,49.7
Unknown,6793,10/8/2020,0.8,29,0.2,0
Female,425304,10/9/2020,50.5,6990,42.7,50.3
Male,410644,10/9/2020,48.7,9362,57.2,49.7
Unknown,6828,10/9/2020,0.8,28,0.2,0
Female,427180,10/10/2020,50.5,7026,42.7,50.3
Male,412555,10/10/2020,48.7,9406,57.1,49.7
Unknown,6844,10/10/2020,0.8,28,0.2,0
Female,428996,10/11/2020,50.5,7026,42.7,50.3
Male,414166,10/11/2020,48.7,9416,57.2,49.7
Unknown,6866,10/11/2020,0.8,28,0.2,0
Female,430237,10/12/2020,50.5,7032,42.7,50.3
Male,415294,10/12/2020,48.7,9420,57.2,49.7
Unknown,6875,10/12/2020,0.8,28,0.2,0
Female,431587,10/13/2020,50.5,7055,42.7,50.3
Male,416579,10/13/2020,48.7,9439,57.1,49.7
Unknown,6906,10/13/2020,0.8,28,0.2,0
Female,433299,10/14/2020,50.5,7105,42.7,50.3
Male,418205,10/14/2020,48.7,9488,57.1,49.7
Unknown,6897,10/14/2020,0.8,28,0.2,0
Female,434912,10/15/2020,50.5,7138,42.7,50.3
Male,419655,10/15/2020,48.7,9545,57.1,49.7
Unknown,6909,10/15/2020,0.8,29,0.2,0
Female,436495,10/16/2020,50.5,7184,42.8,50.3
Male,421047,10/16/2020,48.7,9576,57,49.7
Unknown,6913,10/16/2020,0.8,30,0.2,0
Female,437997,10/17/2020,50.5,7225,42.8,50.3
Male,422413,10/17/2020,48.7,9628,57,49.7
Unknown,6907,10/17/2020,0.8,30,0.2,0
Female,439844,10/18/2020,50.5,7230,42.8,50.3
Male,424039,10/18/2020,48.7,9634,57,49.7
Unknown,6908,10/18/2020,0.8,30,0.2,0
Female,441502,10/19/2020,50.5,7238,42.8,50.3
Male,425648,10/19/2020,48.7,9640,57,49.7
Unknown,6927,10/19/2020,0.8,30,0.2,0
Female,443416,10/20/2020,50.5,7273,42.8,50.3
Male,427427,10/20/2020,48.7,9684,57,49.7
Unknown,6941,10/20/2020,0.8,30,0.2,0
Female,444925,10/21/2020,50.5,7327,42.8,50.3
Male,428858,10/21/2020,48.7,9767,57,49.7
Unknown,6941,10/21/2020,0.8,29,0.2,0
Female,448100,10/22/2020,50.5,7358,42.8,50.3
Male,431774,10/22/2020,48.7,9798,57,49.7
Unknown,6991,10/22/2020,0.8,29,0.2,0
Female,451184,10/23/2020,50.5,7373,42.8,50.3
Male,434601,10/23/2020,48.7,9829,57,49.7
Unknown,7025,10/23/2020,0.8,29,0.2,0
Female,453853,10/24/2020,50.5,7393,42.8,50.3
Male,437115,10/24/2020,48.7,9864,57.1,49.7
Unknown,7061,10/24/2020,0.8,29,0.2,0
Female,455339,10/25/2020,50.5,7400,42.8,50.3
Male,438587,10/25/2020,48.7,9869,57.1,49.7
Unknown,7084,10/25/2020,0.8,29,0.2,0
Female,456990,10/26/2020,50.5,7409,42.8,50.3
Male,440111,10/26/2020,48.7,9875,57,49.7
Unknown,7097,10/26/2020,0.8,29,0.2,0
Female,459278,10/27/2020,50.5,7440,42.7,50.3
Male,442321,10/27/2020,48.7,9960,57.1,49.7
Unknown,7114,10/27/2020,0.8,29,0.2,0
Female,461383,10/28/2020,50.5,7475,42.7,50.3
Male,444378,10/28/2020,48.7,9996,57.1,49.7
Unknown,7143,10/28/2020,0.8,31,0.2,0
Female,463411,10/29/2020,50.5,7487,42.7,50.3
Male,446320,10/29/2020,48.7,10028,57.1,49.7
Unknown,7187,10/29/2020,0.8,32,0.2,0
Female,466008,10/30/2020,50.5,7506,42.6,50.3
Male,448772,10/30/2020,48.7,10067,57.2,49.7
Unknown,7225,10/30/2020,0.8,32,0.2,0
Female,468321,10/31/2020,50.5,7533,42.7,50.3
Male,450953,10/31/2020,48.7,10098,57.2,49.7
Unknown,7260,10/31/2020,0.8,31,0.2,0
Female,470424,11/1/2020,50.5,7541,42.6,50.3
Male,452908,11/1/2020,48.7,10111,57.2,49.7
Unknown,7296,11/1/2020,0.8,31,0.2,0
Female,472513,11/2/2020,50.6,7543,42.6,50.3
Male,454850,11/2/2020,48.7,10118,57.2,49.7
Unknown,7309,11/2/2020,0.8,31,0.2,0
Female,475256,11/3/2020,50.6,7574,42.6,50.3
Male,457423,11/3/2020,48.7,10166,57.2,49.7
Unknown,7331,11/3/2020,0.8,31,0.2,0
Female,477502,11/4/2020,50.6,7610,42.7,50.3
Male,459667,11/4/2020,48.7,10192,57.2,49.7
Unknown,7407,11/4/2020,0.8,31,0.2,0
Female,480900,11/5/2020,50.6,7642,42.7,50.3
Male,462738,11/5/2020,48.7,10225,57.1,49.7
Unknown,7456,11/5/2020,0.8,31,0.2,0
Female,483919,11/6/2020,50.6,7662,42.7,50.3
Male,465544,11/6/2020,48.6,10251,57.1,49.7
Unknown,7494,11/6/2020,0.8,31,0.2,0
Female,487884,11/7/2020,50.6,7689,42.7,50.3
Male,469207,11/7/2020,48.6,10297,57.2,49.7
Unknown,7548,11/7/2020,0.8,31,0.2,0
Female,491542,11/8/2020,50.6,7690,42.7,50.3
Male,472695,11/8/2020,48.6,10298,57.2,49.7
Unknown,7614,11/8/2020,0.8,31,0.2,0
Female,494286,11/9/2020,50.6,7695,42.7,50.3
Male,475297,11/9/2020,48.6,10301,57.1,49.7
Unknown,7635,11/9/2020,0.8,31,0.2,0
Female,497954,11/10/2020,50.6,7722,42.7,50.3
Male,479043,11/10/2020,48.6,10341,57.2,49.7
Unknown,7685,11/10/2020,0.8,31,0.2,0
Female,501490,11/11/2020,50.6,7740,42.7,50.3
Male,482394,11/11/2020,48.6,10366,57.2,49.7
Unknown,7725,11/11/2020,0.8,31,0.2,0
Female,505051,11/12/2020,50.6,7753,42.7,50.3
Male,485678,11/12/2020,48.6,10379,57.1,49.7
Unknown,7773,11/12/2020,0.8,31,0.2,0
Female,510169,11/13/2020,50.6,7780,42.7,50.3
Male,490387,11/13/2020,48.6,10426,57.2,49.7
Unknown,7821,11/13/2020,0.8,31,0.2,0
Female,515924,11/14/2020,50.6,7804,42.6,50.3
Male,495550,11/14/2020,48.6,10466,57.2,49.7
Unknown,7871,11/14/2020,0.8,32,0.2,0
Female,520859,11/15/2020,50.6,7817,42.7,50.3
Male,500408,11/15/2020,48.6,10475,57.2,49.7
Unknown,7968,11/15/2020,0.8,31,0.2,0
Female,525328,11/16/2020,50.6,7825,42.7,50.3
Male,504618,11/16/2020,48.6,10487,57.2,49.7
Unknown,8032,11/16/2020,0.8,31,0.2,0
Female,530421,11/17/2020,50.6,7848,42.7,50.3
Male,509304,11/17/2020,48.6,10516,57.2,49.7
Unknown,8064,11/17/2020,0.8,31,0.2,0
Female,536393,11/18/2020,50.6,7897,42.7,50.3
Male,514692,11/18/2020,48.6,10574,57.2,49.7
Unknown,8182,11/18/2020,0.8,31,0.2,0
Female,543000,11/19/2020,50.6,7925,42.6,50.3
Male,520928,11/19/2020,48.6,10637,57.2,49.7
Unknown,8344,11/19/2020,0.8,31,0.2,0
Female,550885,11/20/2020,50.6,7966,42.6,50.3
Male,528371,11/20/2020,48.6,10684,57.2,49.7
Unknown,8458,11/20/2020,0.8,31,0.2,0
Female,558242,11/21/2020,50.7,7996,42.6,50.3
Male,535242,11/21/2020,48.6,10727,57.2,49.7
Unknown,8549,11/21/2020,0.8,31,0.2,0
Female,562480,11/22/2020,50.7,8005,42.6,50.3
Male,539261,11/22/2020,48.6,10759,57.2,49.7
Unknown,8629,11/22/2020,0.8,32,0.2,0
Female,570248,11/23/2020,50.7,8013,42.6,50.3
Male,546676,11/23/2020,48.6,10772,57.2,49.7
Unknown,8775,11/23/2020,0.8,32,0.2,0
Female,579540,11/24/2020,50.7,8062,42.6,50.3
Male,555627,11/24/2020,48.6,10836,57.2,49.7
Unknown,8882,11/24/2020,0.8,32,0.2,0
Female,586945,11/25/2020,50.7,8109,42.6,50.3
Male,562702,11/25/2020,48.6,10890,57.2,49.7
Unknown,9042,11/25/2020,0.8,32,0.2,0
Female,593595,11/26/2020,50.7,8134,42.6,50.3
Male,568573,11/26/2020,48.5,10942,57.3,49.7
Unknown,9156,11/26/2020,0.8,33,0.2,0
Female,599687,11/27/2020,50.7,8153,42.6,50.3
Male,574323,11/27/2020,48.5,10969,57.3,49.7
Unknown,9310,11/27/2020,0.8,32,0.2,0
Female,607559,11/28/2020,50.7,8169,42.6,50.3
Male,581955,11/28/2020,48.5,10989,57.3,49.7
Unknown,9420,11/28/2020,0.8,31,0.2,0
Female,614770,11/29/2020,50.7,8185,42.6,50.3
Male,588688,11/29/2020,48.5,11004,57.3,49.7
Unknown,9510,11/29/2020,0.8,31,0.2,0
Female,620979,11/30/2020,50.7,8200,42.6,50.3
Male,594629,11/30/2020,48.5,11018,57.2,49.7
Unknown,9581,11/30/2020,0.8,31,0.2,0
Female,631636,12/1/2020,50.7,8253,42.6,50.3
Male,604591,12/1/2020,48.5,11084,57.2,49.7
Unknown,9721,12/1/2020,0.8,31,0.2,0
Female,641220,12/2/2020,50.7,8300,42.6,50.3
Male,613458,12/2/2020,48.5,11150,57.2,49.7
Unknown,9861,12/2/2020,0.8,31,0.2,0
Female,652467,12/3/2020,50.7,8387,42.6,50.3
Male,623621,12/3/2020,48.5,11260,57.2,49.7
Unknown,10469,12/3/2020,0.8,35,0.2,0
Female,665309,12/4/2020,50.7,8438,42.6,50.3
Male,635029,12/4/2020,48.4,11322,57.2,49.7
Unknown,11287,12/4/2020,0.9,48,0.2,0
Female,680749,12/5/2020,50.7,8481,42.6,50.3
Male,648919,12/5/2020,48.4,11398,57.2,49.7
Unknown,12032,12/5/2020,0.9,51,0.3,0
Female,692213,12/6/2020,50.7,8497,42.4,50.3
Male,659664,12/6/2020,48.3,11411,57,49.7
Unknown,14558,12/6/2020,1.1,120,0.6,0
Female,704086,12/7/2020,50.7,8512,42.4,50.3
Male,670664,12/7/2020,48.3,11453,57,49.7
Unknown,14957,12/7/2020,1.1,122,0.6,0
Female,720067,12/8/2020,50.7,8594,42.4,50.3
Male,685250,12/8/2020,48.2,11540,57,49.7
Unknown,15241,12/8/2020,1.1,121,0.6,0
Female,734995,12/9/2020,50.7,8677,42.4,50.3
Male,699325,12/9/2020,48.2,11654,57,49.7
Unknown,15915,12/9/2020,1.1,127,0.6,0
Female,752554,12/10/2020,50.7,8752,42.4,50.3
Male,716500,12/10/2020,48.2,11759,57,49.7
Unknown,16649,12/10/2020,1.1,132,0.6,0
Female,770245,12/11/2020,50.6,8817,42.4,50.3
Male,733826,12/11/2020,48.2,11860,57,49.7
Unknown,17361,12/11/2020,1.1,135,0.6,0
Female,785571,12/12/2020,50.6,8883,42.3,50.3
Male,748541,12/12/2020,48.2,11976,57,49.7
Unknown,17654,12/12/2020,1.1,136,0.6,0
Female,801788,12/13/2020,50.6,8924,42.3,50.3
Male,764445,12/13/2020,48.2,12023,57,49.7
Unknown,18811,12/13/2020,1.2,141,0.7,0
Female,817969,12/14/2020,50.6,8964,42.3,50.3
Male,779969,12/14/2020,48.2,12071,57,49.7
Unknown,19432,12/14/2020,1.2,143,0.7,0
Female,845211,12/15/2020,50.6,9053,42.3,50.3
Male,806004,12/15/2020,48.2,12215,57.1,49.7
Unknown,19866,12/15/2020,1.2,142,0.7,0
Female,871834,12/16/2020,50.6,9224,42.3,50.3
Male,831105,12/16/2020,48.2,12450,57.1,49.7
Unknown,20423,12/16/2020,1.2,143,0.7,0
Female,892599,12/17/2020,50.6,9358,42.4,50.3
Male,850327,12/17/2020,48.2,12581,57,49.7
Unknown,21448,12/17/2020,1.2,141,0.6,0
Female,914674,12/18/2020,50.6,9479,42.4,50.3
Male,871318,12/18/2020,48.2,12726,56.9,49.7
Unknown,21990,12/18/2020,1.2,141,0.6,0
Female,938123,12/19/2020,50.6,9586,42.5,50.3
Male,893568,12/19/2020,48.2,12843,56.9,49.7
Unknown,22765,12/19/2020,1.2,142,0.6,0
Female,957231,12/20/2020,50.6,9653,42.5,50.3
Male,911353,12/20/2020,48.2,12920,56.9,49.7
Unknown,23764,12/20/2020,1.3,142,0.6,0
Female,973832,12/21/2020,50.6,9698,42.5,50.3
Male,927136,12/21/2020,48.2,12985,56.9,49.7
Unknown,24039,12/21/2020,1.2,143,0.6,0
Female,993649,12/22/2020,50.6,9809,42.5,50.3
Male,945758,12/22/2020,48.2,13145,56.9,49.7
Unknown,24669,12/22/2020,1.3,143,0.6,0
Female,993649,12/23/2020,50.6,9809,42.5,50.3
Male,945758,12/23/2020,48.2,13145,56.9,49.7
Unknown,24669,12/23/2020,1.3,143,0.6,0
Female,1032256,12/24/2020,50.5,10097,42.6,50.3
Male,981655,12/24/2020,48.1,13482,56.8,49.7
Unknown,28379,12/24/2020,1.4,145,0.6,0
Female,1047549,12/25/2020,50.5,10164,42.5,50.3
Male,996208,12/25/2020,48.1,13592,56.9,49.7
Unknown,28908,12/25/2020,1.4,146,0.6,0
Female,1072965,12/26/2020,50.5,10254,42.5,50.3
Male,1019441,12/26/2020,48,13720,56.9,49.7
Unknown,30400,12/26/2020,1.4,147,0.6,0
Female,1089254,12/27/2020,50.5,10273,42.5,50.3
Male,1035476,12/27/2020,48,13773,56.9,49.7
Unknown,31246,12/27/2020,1.4,149,0.6,0
Female,1105129,12/28/2020,50.5,10325,42.5,50.3
Male,1050241,12/28/2020,48,13837,56.9,49.7
Unknown,31851,12/28/2020,1.5,149,0.6,0
Female,1121071,12/29/2020,50.5,10513,42.5,50.3
Male,1064781,12/29/2020,48,14075,56.9,49.7
Unknown,32290,12/29/2020,1.5,150,0.6,0
Female,1121071,12/30/2020,50.5,10513,42.5,50.3
Male,1064781,12/30/2020,48,14075,56.9,49.7
Unknown,32290,12/30/2020,1.5,150,0.6,0
Female,1159463,12/31/2020,50.6,10960,42.5,50.3
Male,1099312,12/31/2020,48,14684,56.9,49.7
Unknown,33793,12/31/2020,1.5,158,0.6,0
Female,1186867,1/1/2021,50.6,11129,42.4,50.3
Male,1123490,1/1/2021,47.9,14945,57,49.7
Unknown,35552,1/1/2021,1.5,162,0.6,0
Female,1210473,1/2/2021,50.6,11232,42.4,50.3
Male,1144460,1/2/2021,47.9,15092,57,49.7
Unknown,36328,1/2/2021,1.5,170,0.6,0
Female,1225955,1/3/2021,50.6,11258,42.4,50.3
Male,1158092,1/3/2021,47.8,15134,57,49.7
Unknown,36847,1/3/2021,1.5,169,0.6,0
Female,1242402,1/4/2021,50.7,11365,42.4,50.3
Male,1172610,1/4/2021,47.8,15269,57,49.7
Unknown,37322,1/4/2021,1.5,173,0.6,0
Female,1257880,1/5/2021,50.7,11538,42.4,50.3
Male,1186641,1/5/2021,47.8,15508,57,49.7
Unknown,37705,1/5/2021,1.5,176,0.6,0
Female,1276663,1/6/2021,50.7,11778,42.4,50.3
Male,1203388,1/6/2021,47.8,15856,57,49.7
Unknown,38560,1/6/2021,1.5,177,0.6,0
Female,1303646,1/7/2021,50.8,12045,42.5,50.3
Male,1228087,1/7/2021,47.8,16234,57.2,49.7
Unknown,36908,1/7/2021,1.4,87,0.3,0
Female,1330617,1/8/2021,50.8,12304,42.4,50.3
Male,1252120,1/8/2021,47.8,16597,57.2,49.7
Unknown,38540,1/8/2021,1.5,95,0.3,0
Female,1355858,1/9/2021,50.8,12515,42.4,50.3
Male,1275068,1/9/2021,47.7,16881,57.2,49.7
Unknown,40036,1/9/2021,1.5,100,0.3,0
Female,1376112,1/10/2021,50.8,12696,42.4,50.3
Male,1293614,1/10/2021,47.7,17113,57.2,49.7
Unknown,41075,1/10/2021,1.5,102,0.3,0
Female,1395192,1/11/2021,50.8,12773,42.4,50.3
Male,1310582,1/11/2021,47.7,17229,57.2,49.7
Unknown,41514,1/11/2021,1.5,103,0.3,0
Female,1412663,1/12/2021,50.8,13005,42.4,50.3
Male,1326329,1/12/2021,47.7,17575,57.3,49.7
Unknown,42047,1/12/2021,1.5,105,0.3,0
Female,1430937,1/13/2021,50.8,13206,42.3,50.3
Male,1342772,1/13/2021,47.7,17906,57.4,49.7
Unknown,43260,1/13/2021,1.5,110,0.4,0
Female,1452415,1/14/2021,50.8,13370,42.2,50.3
Male,1362689,1/14/2021,47.7,18164,57.4,49.7
Unknown,44520,1/14/2021,1.6,113,0.4,0
Female,1472785,1/15/2021,50.8,13626,42.3,50.3
Male,1381856,1/15/2021,47.6,18502,57.4,49.7
Unknown,45605,1/15/2021,1.6,122,0.4,0
Female,1494299,1/16/2021,50.8,13843,42.2,50.3
Male,1401611,1/16/2021,47.6,18838,57.4,49.7
Unknown,46565,1/16/2021,1.6,132,0.4,0
Female,1509908,1/17/2021,50.8,13962,42.1,50.3
Male,1416011,1/17/2021,47.6,19041,57.5,49.7
Unknown,47255,1/17/2021,1.6,136,0.4,0
Female,1522042,1/18/2021,50.8,14043,42.1,50.3
Male,1427479,1/18/2021,47.6,19181,57.5,49.7
Unknown,47447,1/18/2021,1.6,140,0.4,0
Female,1533625,1/19/2021,50.8,14183,42.1,50.3
Male,1438031,1/19/2021,47.6,19363,57.5,49.7
Unknown,47715,1/19/2021,1.6,144,0.4,0
Female,1543711,1/20/2021,50.8,14457,42.1,50.3
Male,1447072,1/20/2021,47.6,19740,57.5,49.7
Unknown,48261,1/20/2021,1.6,148,0.4,0
Female,1555674,1/21/2021,50.8,14736,42.1,50.3
Male,1458031,1/21/2021,47.6,20139,57.5,49.7
Unknown,48363,1/21/2021,1.6,154,0.4,0
Female,1567416,1/22/2021,50.8,14935,42,50.3
Male,1468874,1/22/2021,47.6,20452,57.5,49.7
Unknown,48750,1/22/2021,1.6,157,0.4,0
Female,1579552,1/23/2021,50.8,15193,42,50.3
Male,1480659,1/23/2021,47.6,20857,57.6,49.7
Unknown,48940,1/23/2021,1.6,158,0.4,0
Female,1593139,1/24/2021,50.8,15286,41.9,50.3
Male,1493610,1/24/2021,47.6,21002,57.6,49.7
Unknown,49409,1/24/2021,1.6,160,0.4,0
Female,1601818,1/25/2021,50.8,15370,41.9,50.3
Male,1501958,1/25/2021,47.6,21129,57.6,49.7
Unknown,49410,1/25/2021,1.6,161,0.4,0
Female,1610402,1/26/2021,50.8,15656,41.9,50.3
Male,1510132,1/26/2021,47.6,21506,57.6,49.7
Unknown,49380,1/26/2021,1.6,164,0.4,0
Female,1618782,1/27/2021,50.8,15955,41.9,50.3
Male,1518121,1/27/2021,47.6,21947,57.6,49.7
Unknown,49707,1/27/2021,1.6,168,0.4,0
Female,1628412,1/28/2021,50.8,16215,41.9,50.3
Male,1527644,1/28/2021,47.7,22279,57.6,49.7
Unknown,49891,1/28/2021,1.6,173,0.4,0
Female,1637851,1/29/2021,50.8,16477,41.9,50.3
Male,1536611,1/29/2021,47.7,22669,57.6,49.7
Unknown,49912,1/29/2021,1.5,177,0.5,0
Female,1647516,1/30/2021,50.8,16733,41.9,50.3
Male,1545854,1/30/2021,47.7,23002,57.6,49.7
Unknown,49978,1/30/2021,1.5,178,0.4,0
Female,1655273,1/31/2021,50.8,16878,41.9,50.3
Male,1553217,1/31/2021,47.7,23202,57.6,49.7
Unknown,50216,1/31/2021,1.5,183,0.5,0
Female,1661448,2/1/2021,50.8,16957,41.9,50.3
Male,1559144,2/1/2021,47.7,23316,57.6,49.7
Unknown,50178,2/1/2021,1.5,184,0.5,0
Female,1666909,2/2/2021,50.8,17158,41.8,50.3
Male,1564212,2/2/2021,47.7,23671,57.7,49.7
Unknown,50150,2/2/2021,1.5,189,0.5,0
Female,1673610,2/3/2021,50.8,17407,41.8,50.3
Male,1570616,2/3/2021,47.7,24036,57.7,49.7
Unknown,50221,2/3/2021,1.5,191,0.5,0
Female,1680602,2/4/2021,50.8,17712,41.8,50.3
Male,1577423,2/4/2021,47.7,24501,57.8,49.7
Unknown,50443,2/4/2021,1.5,200,0.5,0
Female,1686938,2/5/2021,50.8,17961,41.8,50.3
Male,1583368,2/5/2021,47.7,24850,57.8,49.7
Unknown,50556,2/5/2021,1.5,207,0.5,0
Female,1694648,2/6/2021,50.8,18124,41.7,50.3
Male,1590682,2/6/2021,47.7,25117,57.8,49.7
Unknown,50596,2/6/2021,1.5,215,0.5,0
Female,1699904,2/7/2021,50.8,18233,41.7,50.3
Male,1595640,2/7/2021,47.7,25289,57.8,49.7
Unknown,50796,2/7/2021,1.5,213,0.5,0
Female,1704207,2/8/2021,50.8,18296,41.7,50.3
Male,1599569,2/8/2021,47.7,25395,57.8,49.7
Unknown,50815,2/8/2021,1.5,214,0.5,0
Female,1708439,2/9/2021,50.8,18493,41.6,50.3
Male,1603715,2/9/2021,47.7,25717,57.9,49.7
Unknown,50827,2/9/2021,1.5,215,0.5,0
Female,1712835,2/10/2021,50.8,18710,41.6,50.3
Male,1607931,2/10/2021,47.7,26063,57.9,49.7
Unknown,50790,2/10/2021,1.5,217,0.5,0
Female,1717877,2/11/2021,50.8,18920,41.6,50.3
Male,1612786,2/11/2021,47.7,26374,57.9,49.7
Unknown,50952,2/11/2021,1.5,226,0.5,0
Female,1722603,2/12/2021,50.8,19103,41.5,50.3
Male,1617383,2/12/2021,47.7,26653,58,49.7
Unknown,51050,2/12/2021,1.5,230,0.5,0
Female,1727045,2/13/2021,50.8,19298,41.5,50.3
Male,1621806,2/13/2021,47.7,26931,58,49.7
Unknown,51027,2/13/2021,1.5,228,0.5,0
Female,1730360,2/14/2021,50.8,19394,41.5,50.3
Male,1624937,2/14/2021,47.7,27097,58,49.7
Unknown,51068,2/14/2021,1.5,228,0.5,0
Female,1733301,2/15/2021,50.8,19427,41.5,50.3
Male,1627698,2/15/2021,47.7,27139,58,49.7
Unknown,51058,2/15/2021,1.5,229,0.5,0
Female,1735351,2/16/2021,50.8,19549,41.5,50.3
Male,1629733,2/16/2021,47.7,27308,58,49.7
Unknown,51063,2/16/2021,1.5,229,0.5,0
Female,1738179,2/17/2021,50.8,19713,41.5,50.3
Male,1632464,2/17/2021,47.7,27593,58,49.7
Unknown,51077,2/17/2021,1.5,231,0.5,0
Female,1741520,2/18/2021,50.8,19866,41.4,50.3
Male,1635830,2/18/2021,47.7,27871,58.1,49.7
Unknown,51168,2/18/2021,1.5,236,0.5,0
Female,1744886,2/19/2021,50.8,20049,41.4,50.3
Male,1639066,2/19/2021,47.7,28126,58.1,49.7
Unknown,51234,2/19/2021,1.5,239,0.5,0
Female,1748322,2/20/2021,50.8,20205,41.4,50.3
Male,1642318,2/20/2021,47.7,28359,58.1,49.7
Unknown,51306,2/20/2021,1.5,243,0.5,0
Female,1750671,2/21/2021,50.8,20294,41.4,50.3
Male,1644578,2/21/2021,47.7,28502,58.1,49.7
Unknown,51362,2/21/2021,1.5,243,0.5,0
Female,1752452,2/22/2021,50.8,20327,41.4,50.3
Male,1646261,2/22/2021,47.7,28559,58.1,49.7
Unknown,51345,2/22/2021,1.5,243,0.5,0
Female,1755203,2/23/2021,50.8,20480,41.4,50.3
Male,1648874,2/23/2021,47.7,28748,58.1,49.7
Unknown,51284,2/23/2021,1.5,242,0.5,0
Female,1757746,2/24/2021,50.8,20985,41.4,50.3
Male,1651296,2/24/2021,47.7,29420,58.1,49.7
Unknown,51284,2/24/2021,1.5,243,0.5,0
=======,,,,,,
sex,totalpositive2,date,case_percent,deaths,deaths_percent,ca_percent
Female,5015,4/2/2020,,,,
Male,5547,4/2/2020,,,,
Unknown,139,4/2/2020,,,,
Female,5674,4/3/2020,,,,
Male,6202,4/3/2020,,,,
Unknown,150,4/3/2020,,,,
Female,6349,4/4/2020,,,,
Male,6876,4/4/2020,,,,
Unknown,213,4/4/2020,,,,
Female,6740,4/5/2020,,,,
Male,7296,4/5/2020,,,,
Unknown,300,4/5/2020,,,,
Female,7600,4/6/2020,,,,
Male,7957,4/6/2020,,,,
Unknown,308,4/6/2020,,,,
Female,8108,4/7/2020,,,,
Male,8488,4/7/2020,,,,
Unknown,361,4/7/2020,,,,
Female,8776,4/8/2020,,,,
Male,9130,4/8/2020,,,,
Transgender,2,4/8/2020,,,,
Unknown,401,4/8/2020,,,,
Female,9387,4/9/2020,,,,
Male,9745,4/9/2020,,,,
Unknown,400,4/9/2020,,,,
Female,9981,4/10/2020,,,,
Male,10330,4/10/2020,,,,
Unknown,304,4/10/2020,,,,
Female,9981,4/10/2020,,,,
Male,10330,4/10/2020,,,,
Unknown,304,4/10/2020,,,,
Female,10571,4/11/2020,,,,
Male,10926,4/11/2020,,,,
Unknown,297,4/11/2020,,,,
Female,10877,4/12/2020,,,,
Male,11256,4/12/2020,,,,
Unknown,215,4/12/2020,,,,
Female,11352,4/13/2020,,,,
Male,11772,4/13/2020,,,,
Unknown,214,4/13/2020,,,,
Female,11934,4/14/2020,,,,
Male,12265,4/14/2020,,,,
Unknown,225,4/14/2020,,,,
Female,12771,4/15/2020,,,,
Male,13169,4/15/2020,,,,
Unknown,242,4/15/2020,,,,
Female,13424,4/16/2020,,,,
Male,13865,4/16/2020,,,,
Unknown,239,4/16/2020,,,,
Female,14185,4/17/2020,,,,
Male,14535,4/17/2020,,,,
Unknown,243,4/17/2020,,,,
Female,14902,4/18/2020,,,,
Male,15185,4/18/2020,,,,
Unknown,246,4/18/2020,,,,
Female,15224,4/19/2020,,,,
Male,15507,4/19/2020,,,,
Unknown,247,4/19/2020,,,,
Female,16363,4/20/2020,,,,
Male,16641,4/20/2020,,,,
Unknown,257,4/20/2020,,,,
Female,17411,4/21/2020,,,,
Male,17718,4/21/2020,,,,
Unknown,267,4/21/2020,,,,
Female,18395,4/22/2020,49.23,552,39.54,50.31
Male,18690,4/22/2020,50.01,839,60.1,49.69
Unknown,284,4/22/2020,0.76,5,0.36,
Female,19394,4/23/2020,49.41,593,39.82,50.31
Male,19577,4/23/2020,49.87,891,59.84,49.69
Unknown,283,4/23/2020,0.72,5,0.34,
Female,20395,4/24/2020,49.58,625,39.73,50.31
Male,20459,4/24/2020,49.73,944,60.01,49.69
Unknown,283,4/24/2020,0.69,4,0.25,
Female,20908,4/25/2020,49.59,657,39.89,50.31
Male,20957,4/25/2020,49.7,986,59.87,49.69
Unknown,299,4/25/2020,0.71,4,0.24,
Female,21562,4/26/2020,49.61,664,39.62,50.31
Male,21600,4/26/2020,49.7,1007,60.08,49.69
Unknown,302,4/26/2020,0.69,5,0.3,
Female,22384,4/27/2020,49.71,688,39.98,50.31
Male,22337,4/27/2020,49.6,1028,59.73,49.69
Unknown,310,4/27/2020,0.69,5,0.29,
Female,23154,4/28/2020,49.79,725,40.08,50.31
Male,23045,4/28/2020,49.56,1079,59.65,49.69
Unknown,301,4/28/2020,0.65,5,0.28,
Female,24247,4/29/2020,49.57,764,40.42,50.31
Male,24372,4/29/2020,49.82,1121,59.31,49.69
Unknown,298,4/29/2020,0.61,5,0.26,
Female,24973,4/30/2020,49.5,812,40.8,50.31
Male,25167,4/30/2020,49.9,1171,58.9,49.69
Unknown,302,4/30/2020,0.6,5,0.3,
Female,25881,5/1/2020,49.58,858,41.19,50.31
Male,26006,5/1/2020,49.82,1220,58.57,49.69
Unknown,310,5/1/2020,0.59,5,0.24,
Female,26556,5/2/2020,49.5,887,41.5,50.3
Male,26716,5/2/2020,49.8,1246,58.3,49.7
Unknown,344,5/2/2020,0.6,5,0.2,0
Female,27239,5/3/2020,49.58,905,41.55,50.3
Male,27332,5/3/2020,49.75,1268,58.22,49.7
Unknown,366,5/3/2020,0.67,5,0.23,0
Female,27853,5/4/2020,49.5,929,41.8,50.3
Male,27980,5/4/2020,49.8,1287,57.9,49.7
Unknown,379,5/4/2020,0.7,5,0.2,0
Female,29190,5/5/2020,49.6,990,42.6,50.3
Male,29193,5/5/2020,49.6,1330,57.2,49.7
Unknown,432,5/5/2020,0.7,5,0.2,0
Female,30109,5/6/2020,49.7,1039,43.1,50.3
Male,30096,5/6/2020,49.7,1368,56.7,49.7
Unknown,409,5/6/2020,0.7,5,0.2,0
Female,30972,5/7/2020,49.5,1061,42.6,50.3
Male,31111,5/7/2020,49.8,1427,57.2,49.7
Unknown,429,5/7/2020,0.7,5,0.2,0
Female,31756,5/8/2020,49.2,1101,42.7,50.3
Male,32379,5/8/2020,50.2,1470,57.1,49.7
Unknown,426,5/8/2020,0.7,5,0.2,0
Female,32660,5/9/2020,49,1144,43.1,50.3
Male,33584,5/9/2020,50.4,1509,56.8,49.7
Unknown,436,5/9/2020,0.7,4,0.2,0
Female,33291,5/10/2020,49,1161,43.1,50.3
Male,34221,5/10/2020,50.4,1526,56.7,49.7
Unknown,427,5/10/2020,0.6,4,0.1,0
Female,33992,5/11/2020,49,1187,43.1,50.3
Male,34955,5/11/2020,50.4,1561,56.7,49.7
Unknown,435,5/11/2020,0.6,4,0.1,0
Female,34851,5/12/2020,49,1230,43.2,50.3
Male,35845,5/12/2020,50.4,1612,56.6,49.7
Unknown,445,5/12/2020,0.6,4,0.1,0
Female,35890,5/13/2020,49.1,1267,43.3,50.3
Male,36826,5/13/2020,50.3,1655,56.6,49.7
Unknown,448,5/13/2020,0.6,4,0.1,0
Female,36728,5/14/2020,49,1315,43.4,50.3
Male,37744,5/14/2020,50.4,1710,56.5,49.7
Unknown,464,5/14/2020,0.6,4,0.1,0
Female,37676,5/15/2020,49.1,1363,43.7,50.3
Male,38647,5/15/2020,50.3,1752,56.2,49.7
Unknown,470,5/15/2020,0.6,4,0.1,0
Female,38662,5/16/2020,49,1397,43.9,50.3
Male,39701,5/16/2020,50.4,1778,55.9,49.7
Unknown,476,5/16/2020,0.6,4,0.1,0
Female,39425,5/17/2020,49,1412,43.9,50.3
Male,40533,5/17/2020,50.4,1800,56,49.7
Unknown,472,5/17/2020,0.6,4,0.1,0
Female,40105,5/18/2020,49,1426,43.9,50.3
Male,41214,5/18/2020,50.4,1820,56,49.7
Unknown,476,5/18/2020,0.6,4,0.1,0
Female,41226,5/19/2020,49,1483,44,50.3
Male,42336,5/19/2020,50.4,1887,55.9,49.7
Unknown,495,5/19/2020,0.6,4,0.1,0
Female,42252,5/20/2020,49,1521,44.1,50.3
Male,43450,5/20/2020,50.4,1926,55.8,49.7
Unknown,495,5/20/2020,0.6,4,0.1,0
Female,43272,5/21/2020,48.9,1562,44.1,50.3
Male,44534,5/21/2020,50.4,1978,55.8,49.7
Unknown,638,5/21/2020,0.7,4,0.1,0
Female,44539,5/22/2020,49.1,1584,44.1,50.3
Male,45580,5/22/2020,50.3,2000,55.7,49.7
Unknown,512,5/22/2020,0.6,5,0.1,0
Female,45597,5/23/2020,49.2,1608,44.1,50.3
Male,46595,5/23/2020,50.3,2033,55.8,49.7
Unknown,518,5/23/2020,0.6,5,0.1,0
Female,46544,5/24/2020,49.2,1616,44.1,50.3
Male,47490,5/24/2020,50.2,2045,55.8,49.7
Unknown,524,5/24/2020,0.6,5,0.1,0
Female,47595,5/25/2020,49.2,1620,44,50.3
Male,48614,5/25/2020,50.3,2054,55.8,49.7
Unknown,524,5/25/2020,0.5,5,0.1,0
Female,48739,5/26/2020,49.2,1631,44,50.3
Male,49714,5/26/2020,50.2,2071,55.9,49.7
Unknown,527,5/26/2020,0.5,5,0.1,0
Female,50091,5/27/2020,49.3,1682,44.1,50.3
Male,51067,5/27/2020,50.2,2129,55.8,49.7
Unknown,539,5/27/2020,0.5,5,0.1,0
Female,51169,5/28/2020,49.3,1725,44.2,50.3
Male,52177,5/28/2020,50.2,2173,55.7,49.7
Unknown,540,5/28/2020,0.5,6,0.2,0
Female,52561,5/29/2020,49.2,1759,44.1,50.3
Male,53765,5/29/2020,50.3,2220,55.7,49.7
Unknown,552,5/29/2020,0.5,6,0.2,0
Female,54396,5/30/2020,49.2,1784,44.1,50.3
Male,55627,5/30/2020,50.3,2253,55.7,49.7
Unknown,560,5/30/2020,0.5,6,0.1,0
Female,55605,5/31/2020,49.2,1797,44,50.3
Male,56841,5/31/2020,50.3,2277,55.8,49.7
Unknown,560,5/31/2020,0.5,6,0.1,0
Female,56728,6/1/2020,49.2,1816,44,50.3
Male,58001,6/1/2020,50.3,2305,55.9,49.7
Unknown,581,6/1/2020,0.5,6,0.1,0
Female,57878,6/2/2020,49.2,1866,44.1,50.3
Male,59237,6/2/2020,50.3,2359,55.8,49.7
Unknown,572,6/2/2020,0.5,6,0.1,0
Female,58886,6/3/2020,49.2,1894,44.1,50.3
Male,60336,6/3/2020,50.4,2398,55.8,49.7
Unknown,585,6/3/2020,0.5,6,0.1,0
Female,60404,6/4/2020,49.1,1921,44,50.3
Male,61884,6/4/2020,50.4,2441,55.9,49.7
Unknown,613,6/4/2020,0.5,6,0.1,0
Female,61848,6/5/2020,49.1,1947,43.9,50.3
Male,63565,6/5/2020,50.4,2482,56,49.7
Unknown,603,6/5/2020,0.5,6,0.1,0
Female,63173,6/6/2020,49,1979,44,50.3
Male,65024,6/6/2020,50.5,2516,55.9,49.7
Unknown,615,6/6/2020,0.5,6,0.1,0
Female,64392,6/7/2020,49,1991,44,50.3
Male,66303,6/7/2020,50.5,2531,55.9,49.7
Unknown,624,6/7/2020,0.5,6,0.1,0
Female,65556,6/8/2020,49.1,2008,44,50.3
Male,67306,6/8/2020,50.4,2545,55.8,49.7
Unknown,627,6/8/2020,0.5,6,0.1,0
Female,66889,6/9/2020,49.1,2047,43.9,50.3
Male,68667,6/9/2020,50.4,2609,56,49.7
Unknown,635,6/9/2020,0.5,7,0.2,0
Female,68430,6/10/2020,49.1,2094,43.9,50.3
Male,70212,6/10/2020,50.4,2669,56,49.7
Unknown,639,6/10/2020,0.5,6,0.1,0
Female,69729,6/11/2020,49.1,2126,44,50.3
Male,71605,6/11/2020,50.4,2700,55.9,49.7
Unknown,649,6/11/2020,0.5,6,0.1,0
Female,71501,6/12/2020,49.1,2146,44,50.3
Male,73480,6/12/2020,50.5,2727,55.9,49.7
Unknown,662,6/12/2020,0.5,6,0.1,0
Female,73095,6/13/2020,49.1,2184,44,50.3
Male,75088,6/13/2020,50.4,2772,55.9,49.7
Unknown,672,6/13/2020,0.5,5,0.1,0
Female,74350,6/14/2020,49.1,2189,44,50.3
Male,76412,6/14/2020,50.5,2786,55.9,49.7
Unknown,690,6/14/2020,0.5,5,0.1,0
Female,75416,6/15/2020,49.1,2197,43.9,50.3
Female,264666,8/5/2020,49.9,4129,42.7,50.3
Male,259382,8/5/2020,48.9,5516,57.1,49.7
Unknown,5932,8/5/2020,1.1,15,0.2,0
Male,77466,6/15/2020,50.4,2800,56,49.7
Unknown,678,6/15/2020,0.4,5,0.1,0
Female,77199,6/16/2020,49.2,2226,44,50.3
Male,79128,6/16/2020,50.4,2833,55.9,49.7
Unknown,688,6/16/2020,0.4,5,0.1,0
Female,79243,6/17/2020,49.2,2260,44,50.3
Male,81212,6/17/2020,50.4,2877,56,49.7
Unknown,644,6/17/2020,0.4,5,0.1,0
Female,81326,6/18/2020,49.2,2307,43.9,50.3
Male,83438,6/18/2020,50.4,2937,55.9,49.7
Unknown,652,6/18/2020,0.4,6,0.1,0
Female,83285,6/19/2020,49.2,2328,43.8,50.3
Male,85352,6/19/2020,50.4,2984,56.1,49.7
Unknown,672,6/19/2020,0.4,6,0.1,0
Female,85516,6/20/2020,49.2,2368,43.8,50.3
Male,87602,6/20/2020,50.4,3028,56.1,49.7
Unknown,706,6/20/2020,0.4,6,0.1,0
Female,87641,6/21/2020,49.2,2372,43.7,50.3
Male,89690,6/21/2020,50.4,3047,56.2,49.7
Unknown,723,6/21/2020,0.4,6,0.1,0
Female,90119,6/22/2020,49.2,2384,43.8,50.3
Male,92199,6/22/2020,50.4,3055,56.1,49.7
Unknown,755,6/22/2020,0.4,6,0.1,0
Female,93554,6/23/2020,49.2,2397,43.6,50.3
Male,95884,6/23/2020,50.4,3095,56.3,49.7
Unknown,784,6/23/2020,0.4,7,0.1,0
Female,96068,6/24/2020,49.1,2445,43.6,50.3
Male,98718,6/24/2020,50.5,3151,56.2,49.7
Unknown,785,6/24/2020,0.4,7,0.1,0
Female,98564,6/25/2020,49.2,2500,43.7,50.3
Male,101070,6/25/2020,50.4,3210,56.1,49.7
Unknown,827,6/25/2020,0.4,7,0.1,0
Female,101509,6/26/2020,49.2,2524,43.6,50.3
Male,104025,6/26/2020,50.4,3255,56.3,49.7
Unknown,899,6/26/2020,0.4,7,0.1,0
Female,103517,6/27/2020,49.2,2531,43.6,50.3
Male,105949,6/27/2020,50.4,3272,56.3,49.7
Unknown,1777,6/27/2020,0.4,7,0.1,0
Female,106610,6/28/2020,49.2,2554,43.7,50.3
Male,108973,6/28/2020,50.3,3289,56.2,49.7
Unknown,967,6/28/2020,0.4,7,0.1,0
Female,109850,6/29/2020,49.3,2566,43.7,50.3
Male,112043,6/29/2020,50.3,3304,56.2,49.7
Unknown,1024,6/29/2020,0.5,7,0.1,0
Female,114626,6/30/2020,49.3,2607,43.6,50.3
Male,116952,6/30/2020,50.3,3363,56.3,49.7
Unknown,1079,6/30/2020,0.5,8,0.1,0
Female,118389,7/1/2020,49.3,2644,43.6,50.3
Male,120678,7/1/2020,50.2,3407,56.2,49.7
Unknown,1128,7/1/2020,0.5,8,0.1,0
Female,122484,7/2/2020,49.3,2701,43.7,50.3
Male,124555,7/2/2020,50.2,3475,56.2,49.7
Unknown,1196,7/2/2020,0.5,8,0.1,0
Female,125717,7/3/2020,49.4,2731,43.7,50.3
Male,127760,7/3/2020,50.2,3508,56.2,49.7
Unknown,1268,7/3/2020,0.5,8,0.1,0
Female,128461,7/4/2020,49.4,2740,43.7,50.3
Male,130351,7/4/2020,50.1,3517,56.1,49.7
Unknown,1343,7/4/2020,0.5,8,0.1,0
Female,134224,7/5/2020,49.4,2759,43.8,50.3
Male,136050,7/5/2020,50.1,3534,56.1,49.7
Unknown,1410,7/5/2020,0.5,8,0.1,0
Female,137284,7/6/2020,49.4,2785,43.8,50.3
Male,139077,7/6/2020,50.1,3569,56.1,49.7
Unknown,1413,7/6/2020,0.5,8,0.1,0
Female,142868,7/7/2020,49.4,2831,43.7,50.3
Male,145044,7/7/2020,50.1,3636,56.2,49.7
Unknown,1556,7/7/2020,0.5,8,0.1,0
Female,146384,7/8/2020,49.4,2888,43.6,50.3
Male,148498,7/8/2020,50.1,3725,56.3,49.7
Unknown,1617,7/8/2020,0.5,8,0.1,0
Female,150192,7/9/2020,49.4,2951,43.5,50.3
Male,152444,7/9/2020,50.1,3828,56.4,49.7
Unknown,1661,7/9/2020,0.5,8,0.1,0
Female,154241,7/10/2020,49.4,2989,43.4,50.3
Male,156397,7/10/2020,50.1,3895,56.5,49.7
Unknown,1706,7/10/2020,0.5,8,0.1,0
Female,158488,7/11/2020,49.4,3026,43.3,50.3
Male,160558,7/11/2020,50,3954,56.6,49.7
Unknown,1758,7/11/2020,0.5,9,0.1,0
Female,162718,7/12/2020,49.4,3040,43.3,50.3
Male,164635,7/12/2020,50,3965,56.5,49.7
Unknown,1809,7/12/2020,0.5,9,0.1,0
Female,166525,7/13/2020,49.5,3046,43.3,50.3
Male,168074,7/13/2020,50,3983,56.6,49.7
Unknown,1909,7/13/2020,0.5,10,0.1,0
Female,172288,7/14/2020,49.6,3107,43.4,50.3
Male,173454,7/14/2020,49.9,4048,56.5,49.7
Unknown,1892,7/14/2020,0.5,9,0.1,0
Female,176728,7/15/2020,49.6,3151,43.3,50.3
Male,177540,7/15/2020,49.8,4122,56.6,49.7
Unknown,1910,7/15/2020,0.5,10,0.1,0
Female,181894,7/16/2020,49.7,3194,43.1,50.3
Male,182303,7/16/2020,49.8,4205,56.8,49.7
Unknown,1967,7/16/2020,0.5,10,0.1,0
Female,186551,7/17/2020,49.7,3242,43.1,50.3
Male,186838,7/17/2020,49.8,4279,56.8,49.7
Unknown,1974,7/17/2020,0.5,9,0.1,0
Female,191173,7/18/2020,49.7,3279,43,50.3
Male,191472,7/18/2020,49.8,4331,56.8,49.7
Unknown,2047,7/18/2020,0.5,10,0.1,0
Female,194690,7/19/2020,49.7,3290,43,50.3
Male,194780,7/19/2020,49.7,4351,56.9,49.7
Unknown,2068,7/19/2020,0.5,10,0.1,0
Female,199561,7/20/2020,49.8,3303,43,50.3
Male,199097,7/20/2020,49.7,4364,56.8,49.7
Unknown,2111,7/20/2020,0.5,10,0.1,0
Female,206176,7/21/2020,49.9,3346,42.9,50.3
Male,205180,7/21/2020,49.6,4436,56.9,49.7
Unknown,2220,7/21/2020,0.5,11,0.1,0
Female,212405,7/22/2020,49.9,3409,42.9,50.3
Male,210959,7/22/2020,49.6,4530,57,49.7
Unknown,2252,7/22/2020,0.5,10,0.1,0
Female,217370,7/23/2020,49.9,3466,42.8,50.3
Male,215652,7/23/2020,49.5,4620,57.1,49.7
Unknown,2312,7/23/2020,0.5,10,0.1,0
Female,222622,7/24/2020,50,3523,42.7,50.3
Male,220392,7/24/2020,49.5,4708,57.1,49.7
Unknown,2386,7/24/2020,0.5,11,0.1,0
Female,226906,7/25/2020,50,3577,42.7,50.3
Male,224248,7/25/2020,49.4,4794,57.2,49.7
Unknown,2505,7/25/2020,0.6,11,0.1,0
Female,230423,7/26/2020,50,3591,42.7,50.3
Male,227545,7/26/2020,49.4,4810,57.2,49.7
Unknown,2582,7/26/2020,0.6,11,0.1,0
Female,233477,7/27/2020,50,3607,42.8,50.3
Male,230415,7/27/2020,49.4,4818,57.1,49.7
Unknown,2658,7/27/2020,0.6,11,0.1,0
Female,238049,7/28/2020,50.1,3630,42.6,50.3
Male,234575,7/28/2020,49.4,4875,57.2,49.7
Unknown,2681,7/28/2020,0.6,11,0.1,0
Female,242598,7/29/2020,50,3740,42.7,50.3
Male,238861,7/29/2020,49.2,5000,57.1,49.7
Unknown,4043,7/29/2020,0.8,11,0.1,0
Female,246279,7/30/2020,49.9,3831,42.9,50.3
Male,242315,7/30/2020,49.1,5095,57,49.7
Unknown,4994,7/30/2020,1,13,0.1,0
Female,249479,7/31/2020,49.9,3904,42.9,50.3
Male,245247,7/31/2020,49,5178,56.9,49.7
Unknown,5404,7/31/2020,1.1,13,0.1,0
Female,254017,8/1/2020,49.9,3962,42.8,50.3
Male,249405,8/1/2020,49,5277,57,49.7
Unknown,5740,8/1/2020,1.1,13,0.1,0
Female,256875,8/2/2020,49.9,3991,42.8,50.3
Male,252050,8/2/2020,49,5322,57.1,49.7
Unknown,5976,8/2/2020,1.2,13,0.1,0
Female,259130,8/3/2020,49.9,4000,42.8,50.3
Male,254274,8/3/2020,49,5336,57.1,49.7
Unknown,6023,8/3/2020,1.2,13,0.1,0
Female,261806,8/4/2020,49.9,4074,42.8,50.3
Male,256828,8/4/2020,48.9,5432,57.1,49.7
Unknown,6088,8/4/2020,1.2,14,0.1,0
Female,269155,8/6/2020,50,4188,42.7,50.3
Male,263409,8/6/2020,48.9,5605,57.2,49.7
Unknown,5852,8/6/2020,1.1,14,0.1,0
Female,273123,8/7/2020,50,4252,42.6,50.3
Male,266780,8/7/2020,48.9,5718,57.3,49.7
Unknown,5884,8/7/2020,1.1,12,0.1,0
Female,277523,8/8/2020,50.1,4328,42.5,50.3
Male,270528,8/8/2020,48.8,5831,57.3,49.7
Unknown,6109,8/8/2020,1.1,14,0.1,0
Female,281543,8/9/2020,50.1,4363,42.6,50.3
Male,274192,8/9/2020,48.8,5870,57.3,49.7
Unknown,6176,8/9/2020,1.1,14,0.1,0
Female,287810,8/10/2020,50.1,4376,42.6,50.3
Male,279981,8/10/2020,48.7,5881,57.3,49.7
Unknown,6620,8/10/2020,1.2,15,0.1,0
Female,293952,8/11/2020,50.2,4462,42.5,50.3
Male,285476,8/11/2020,48.7,6012,57.3,49.7
Unknown,6628,8/11/2020,1.1,17,0.2,0
Female,297645,8/12/2020,50.2,4537,42.5,50.3
Male,288921,8/12/2020,48.7,6112,57.3,49.7
Unknown,6575,8/12/2020,1.1,17,0.2,0
Female,301863,8/13/2020,50.2,4602,42.5,50.3
Male,292627,8/13/2020,48.7,6211,57.3,49.7
Unknown,6585,8/13/2020,1.1,18,0.2,0
Female,308346,8/14/2020,50.2,4673,42.5,50.3
Male,298738,8/14/2020,48.7,6304,57.3,49.7
Unknown,6605,8/14/2020,1.1,17,0.2,0
Female,312301,8/15/2020,50.2,4714,42.5,50.3
Male,302532,8/15/2020,48.7,6371,57.4,49.7
Unknown,6729,8/15/2020,1.1,19,0.2,0
Female,315642,8/16/2020,50.3,4718,42.5,50.3
Male,305562,8/16/2020,48.7,6377,57.4,49.7
Unknown,6827,8/16/2020,1.1,19,0.2,0
Female,317984,8/17/2020,50.3,4728,42.4,50.3
Male,307821,8/17/2020,48.7,6402,57.4,49.7
Unknown,6862,8/17/2020,1.1,15,0.1,0
Female,321189,8/18/2020,50.3,4784,42.3,50.3
Male,310752,8/18/2020,48.6,6502,57.5,49.7
Unknown,6890,8/18/2020,1.1,15,0.1,0
Female,324262,8/19/2020,50.3,4856,42.4,50.3
Male,313639,8/19/2020,48.6,6594,57.5,49.7
Unknown,6850,8/19/2020,1.1,16,0.1,0
Female,327161,8/20/2020,50.3,4905,42.3,50.3
Male,316372,8/20/2020,48.6,6667,57.5,49.7
Unknown,6803,8/20/2020,1,18,0.2,0
Female,330632,8/21/2020,50.3,4966,42.3,50.3
Male,319444,8/21/2020,48.6,6758,57.6,49.7
Unknown,6816,8/21/2020,1,17,0.1,0
Female,334071,8/22/2020,50.3,5044,42.2,50.3
Male,322768,8/22/2020,48.6,6883,57.6,49.7
Unknown,6830,8/22/2020,1,18,0.2,0
Female,336578,8/23/2020,50.3,5047,42.2,50.3
Male,325212,8/23/2020,48.6,6887,57.6,49.7
Unknown,6825,8/23/2020,1,21,0.2,0
Female,338946,8/24/2020,50.4,5071,42.2,50.3
Male,327315,8/24/2020,48.6,6911,57.6,49.7
Unknown,6834,8/24/2020,1,21,0.2,0
Female,342058,8/25/2020,50.4,5140,42.3,50.3
Male,330194,8/25/2020,48.6,6998,57.6,49.7
Unknown,6847,8/25/2020,1,20,0.2,0
Female,344479,8/26/2020,50.4,5203,42.3,50.3
Male,332354,8/26/2020,48.6,7072,57.5,49.7
Unknown,6696,8/26/2020,1,21,0.2,0
Female,347253,8/27/2020,50.4,5273,42.3,50.3
Male,334946,8/27/2020,48.6,7166,57.5,49.7
Unknown,6659,8/27/2020,1,22,0.2,0
Female,349907,8/28/2020,50.4,5317,42.3,50.3
Male,337348,8/28/2020,48.6,7230,57.5,49.7
Unknown,6584,8/28/2020,0.9,22,0.2,0
Female,353037,8/29/2020,50.4,5388,42.3,50.3
Male,340298,8/29/2020,48.6,7335,57.6,49.7
Unknown,6574,8/29/2020,0.9,22,0.2,0
Female,355181,8/30/2020,50.4,5399,42.3,50.3
Male,342297,8/30/2020,48.6,7336,57.5,49.7
Unknown,6607,8/30/2020,0.9,22,0.2,0
Female,357162,8/31/2020,50.5,5409,42.3,50.3
Male,344006,8/31/2020,48.6,7364,57.6,49.7
Unknown,6629,8/31/2020,0.9,22,0.2,0
Female,359315,9/1/2020,50.5,5473,42.3,50.3
Male,346117,9/1/2020,48.6,7456,57.6,49.7
Unknown,6620,9/1/2020,0.9,24,0.2,0
Female,362183,9/2/2020,50.5,5538,42.2,50.3
Male,348495,9/2/2020,48.6,7558,57.6,49.7
Unknown,6499,9/2/2020,0.9,24,0.2,0
Female,364956,9/3/2020,50.5,5616,42.3,50.3
Male,350835,9/3/2020,48.6,7652,57.6,49.7
Unknown,6492,9/3/2020,0.9,24,0.2,0
Female,367462,9/4/2020,50.5,5699,42.3,50.3
Male,353245,9/4/2020,48.6,7746,57.5,49.7
Unknown,6532,9/4/2020,0.9,24,0.2,0
Female,369877,9/5/2020,50.5,5755,42.3,50.3
Male,355719,9/5/2020,48.6,7814,57.5,49.7
Unknown,6548,9/5/2020,0.9,23,0.2,0
Female,371456,9/6/2020,50.5,5760,42.4,50.3
Male,357224,9/6/2020,48.6,7813,57.5,49.7
Unknown,6555,9/6/2020,0.9,23,0.2,0
Female,372728,9/7/2020,50.5,5783,42.4,50.3
Male,358617,9/7/2020,48.6,7841,57.5,49.7
Unknown,6566,9/7/2020,0.9,23,0.2,0
Female,373544,9/8/2020,50.5,5823,42.4,50.3
Male,359429,9/8/2020,48.6,7881,57.4,49.7
Unknown,6554,9/8/2020,0.9,23,0.2,0
Female,375254,9/9/2020,50.5,5875,42.4,50.3
Male,361051,9/9/2020,48.6,7949,57.4,49.7
Unknown,6560,9/9/2020,0.9,23,0.2,0
Female,376954,9/10/2020,50.5,5927,42.4,50.3
Male,362679,9/10/2020,48.6,8012,57.4,49.7
Unknown,6558,9/10/2020,0.9,24,0.2,0
Female,378984,9/11/2020,50.5,5975,42.4,50.3
Male,364731,9/11/2020,48.6,8083,57.4,49.7
Unknown,6583,9/11/2020,0.9,24,0.2,0
Female,381278,9/12/2020,50.5,6031,42.4,50.3
Male,367162,9/12/2020,48.6,8154,57.4,49.7
Unknown,6483,9/12/2020,0.9,25,0.2,0
Female,382809,9/13/2020,50.5,6030,42.4,50.3
Male,368459,9/13/2020,48.6,8156,57.4,49.7
Unknown,6510,9/13/2020,0.9,25,0.2,0
Female,383892,9/14/2020,50.5,6055,42.5,50.3
Male,369597,9/14/2020,48.6,8180,57.4,49.7
Unknown,6524,9/14/2020,0.9,25,0.2,0
Female,385393,9/15/2020,50.5,6132,42.6,50.3
Male,371046,9/15/2020,48.6,8254,57.3,49.7
Unknown,6524,9/15/2020,0.9,25,0.2,0
Female,386895,9/16/2020,50.5,6176,42.5,50.3
Male,372752,9/16/2020,48.6,8315,57.3,49.7
Unknown,6554,9/16/2020,0.9,26,0.2,0
Female,388633,9/17/2020,50.5,6224,42.6,50.3
Male,374646,9/17/2020,48.7,8377,57.3,49.7
Unknown,6552,9/17/2020,0.9,26,0.2,0
Female,390834,9/18/2020,50.5,6277,42.5,50.3
Male,376730,9/18/2020,48.7,8457,57.3,49.7
Unknown,6571,9/18/2020,0.8,28,0.2,0
Female,392944,9/19/2020,50.5,6320,42.6,50.3
Male,378892,9/19/2020,48.7,8500,57.2,49.7
Unknown,6564,9/19/2020,0.8,28,0.2,0
Female,394632,9/20/2020,50.5,6329,42.6,50.3
Male,380480,9/20/2020,48.7,8516,57.3,49.7
Unknown,6582,9/20/2020,0.8,28,0.2,0
Female,395828,9/21/2020,50.5,6346,42.6,50.3
Male,381901,9/21/2020,48.7,8526,57.2,49.7
Unknown,6595,9/21/2020,0.8,28,0.2,0
Female,397436,9/22/2020,50.5,6397,42.5,50.3
Male,383438,9/22/2020,48.7,8611,57.3,49.7
Unknown,6596,9/22/2020,0.8,30,0.2,0
Female,399084,9/23/2020,50.5,6450,42.6,50.3
Male,384959,9/23/2020,48.7,8674,57.2,49.7
Unknown,6597,9/23/2020,0.8,30,0.2,0
Female,400779,9/24/2020,50.5,6500,42.6,50.3
Male,386661,9/24/2020,48.7,8725,57.2,49.7
Unknown,6600,9/24/2020,0.8,31,0.2,0
Female,402911,9/25/2020,50.5,6553,42.7,50.3
Male,388687,9/25/2020,48.7,8776,57.1,49.7
Unknown,6639,9/25/2020,0.8,32,0.2,0
Female,404887,9/26/2020,50.5,6585,42.7,50.3
Male,390753,9/26/2020,48.7,8815,57.1,49.7
Unknown,6668,9/26/2020,0.8,32,0.2,0
Female,406263,9/27/2020,50.5,6595,42.7,50.3
Male,392328,9/27/2020,48.7,8824,57.1,49.7
Unknown,6672,9/27/2020,0.8,32,0.2,0
Female,407312,9/28/2020,50.4,6598,42.7,50.3
Male,393417,9/28/2020,48.7,8834,57.1,49.7
Unknown,6696,9/28/2020,0.8,30,0.2,0
Female,408908,9/29/2020,50.4,6683,42.7,50.3
Male,395012,9/29/2020,48.7,8943,57.1,49.7
Unknown,6705,9/29/2020,0.8,31,0.2,0
Female,410433,9/30/2020,50.4,6729,42.7,50.3
Male,396552,9/30/2020,48.7,8997,57.1,49.7
Unknown,6702,9/30/2020,0.8,31,0.2,0
Female,412239,10/1/2020,50.4,6787,42.6,50.3
Male,398313,10/1/2020,48.7,9100,57.2,49.7
Unknown,6725,10/1/2020,0.8,31,0.2,0
Female,413300,10/2/2020,50.4,6795,42.7,50.3
Male,399431,10/2/2020,48.7,9106,57.2,49.7
Unknown,6705,10/2/2020,0.8,31,0.2,0
Female,415440,10/3/2020,50.4,6821,42.6,50.3
Male,401556,10/3/2020,48.7,9147,57.2,49.7
Unknown,6733,10/3/2020,0.8,31,0.2,0
Female,416956,10/4/2020,50.4,6829,42.6,50.3
Male,403070,10/4/2020,48.8,9160,57.2,49.7
Unknown,6758,10/4/2020,0.8,31,0.2,0
Female,417819,10/5/2020,50.4,6839,42.6,50.3
Male,403885,10/5/2020,48.8,9176,57.2,49.7
Unknown,6757,10/5/2020,0.8,31,0.2,0
Female,419257,10/6/2020,50.4,6883,42.7,50.3
Male,405212,10/6/2020,48.7,9220,57.2,49.7
Unknown,6756,10/6/2020,0.8,28,0.2,0
Female,421112,10/7/2020,50.4,6922,42.7,50.3
Male,406928,10/7/2020,48.7,9275,57.2,49.7
Unknown,6760,10/7/2020,0.8,28,0.2,0
Female,423126,10/8/2020,50.5,6958,42.7,50.3
Male,408687,10/8/2020,48.7,9311,57.1,49.7
Unknown,6793,10/8/2020,0.8,29,0.2,0
Female,425304,10/9/2020,50.5,6990,42.7,50.3
Male,410644,10/9/2020,48.7,9362,57.2,49.7
Unknown,6828,10/9/2020,0.8,28,0.2,0
Female,427180,10/10/2020,50.5,7026,42.7,50.3
Male,412555,10/10/2020,48.7,9406,57.1,49.7
Unknown,6844,10/10/2020,0.8,28,0.2,0
Female,428996,10/11/2020,50.5,7026,42.7,50.3
Male,414166,10/11/2020,48.7,9416,57.2,49.7
Unknown,6866,10/11/2020,0.8,28,0.2,0
Female,430237,10/12/2020,50.5,7032,42.7,50.3
Male,415294,10/12/2020,48.7,9420,57.2,49.7
Unknown,6875,10/12/2020,0.8,28,0.2,0
Female,431587,10/13/2020,50.5,7055,42.7,50.3
Male,416579,10/13/2020,48.7,9439,57.1,49.7
Unknown,6906,10/13/2020,0.8,28,0.2,0
Female,433299,10/14/2020,50.5,7105,42.7,50.3
Male,418205,10/14/2020,48.7,9488,57.1,49.7
Unknown,6897,10/14/2020,0.8,28,0.2,0
Female,434912,10/15/2020,50.5,7138,42.7,50.3
Male,419655,10/15/2020,48.7,9545,57.1,49.7
Unknown,6909,10/15/2020,0.8,29,0.2,0
Female,436495,10/16/2020,50.5,7184,42.8,50.3
Male,421047,10/16/2020,48.7,9576,57,49.7
Unknown,6913,10/16/2020,0.8,30,0.2,0
Female,437997,10/17/2020,50.5,7225,42.8,50.3
Male,422413,10/17/2020,48.7,9628,57,49.7
Unknown,6907,10/17/2020,0.8,30,0.2,0
Female,439844,10/18/2020,50.5,7230,42.8,50.3
Male,424039,10/18/2020,48.7,9634,57,49.7
Unknown,6908,10/18/2020,0.8,30,0.2,0
Female,441502,10/19/2020,50.5,7238,42.8,50.3
Male,425648,10/19/2020,48.7,9640,57,49.7
Unknown,6927,10/19/2020,0.8,30,0.2,0
Female,443416,10/20/2020,50.5,7273,42.8,50.3
Male,427427,10/20/2020,48.7,9684,57,49.7
Unknown,6941,10/20/2020,0.8,30,0.2,0
Female,444925,10/21/2020,50.5,7327,42.8,50.3
Male,428858,10/21/2020,48.7,9767,57,49.7
Unknown,6941,10/21/2020,0.8,29,0.2,0
Female,448100,10/22/2020,50.5,7358,42.8,50.3
Male,431774,10/22/2020,48.7,9798,57,49.7
Unknown,6991,10/22/2020,0.8,29,0.2,0
Female,451184,10/23/2020,50.5,7373,42.8,50.3
Male,434601,10/23/2020,48.7,9829,57,49.7
Unknown,7025,10/23/2020,0.8,29,0.2,0
Female,453853,10/24/2020,50.5,7393,42.8,50.3
Male,437115,10/24/2020,48.7,9864,57.1,49.7
Unknown,7061,10/24/2020,0.8,29,0.2,0
Female,455339,10/25/2020,50.5,7400,42.8,50.3
Male,438587,10/25/2020,48.7,9869,57.1,49.7
Unknown,7084,10/25/2020,0.8,29,0.2,0
Female,456990,10/26/2020,50.5,7409,42.8,50.3
Male,440111,10/26/2020,48.7,9875,57,49.7
Unknown,7097,10/26/2020,0.8,29,0.2,0
Female,459278,10/27/2020,50.5,7440,42.7,50.3
Male,442321,10/27/2020,48.7,9960,57.1,49.7
Unknown,7114,10/27/2020,0.8,29,0.2,0
Female,461383,10/28/2020,50.5,7475,42.7,50.3
Male,444378,10/28/2020,48.7,9996,57.1,49.7
Unknown,7143,10/28/2020,0.8,31,0.2,0
Female,463411,10/29/2020,50.5,7487,42.7,50.3
Male,446320,10/29/2020,48.7,10028,57.1,49.7
Unknown,7187,10/29/2020,0.8,32,0.2,0
Female,466008,10/30/2020,50.5,7506,42.6,50.3
Male,448772,10/30/2020,48.7,10067,57.2,49.7
Unknown,7225,10/30/2020,0.8,32,0.2,0
Female,468321,10/31/2020,50.5,7533,42.7,50.3
Male,450953,10/31/2020,48.7,10098,57.2,49.7
Unknown,7260,10/31/2020,0.8,31,0.2,0
Female,470424,11/1/2020,50.5,7541,42.6,50.3
Male,452908,11/1/2020,48.7,10111,57.2,49.7
Unknown,7296,11/1/2020,0.8,31,0.2,0
Female,472513,11/2/2020,50.6,7543,42.6,50.3
Male,454850,11/2/2020,48.7,10118,57.2,49.7
Unknown,7309,11/2/2020,0.8,31,0.2,0
Female,475256,11/3/2020,50.6,7574,42.6,50.3
Male,457423,11/3/2020,48.7,10166,57.2,49.7
Unknown,7331,11/3/2020,0.8,31,0.2,0
Female,477502,11/4/2020,50.6,7610,42.7,50.3
Male,459667,11/4/2020,48.7,10192,57.2,49.7
Unknown,7407,11/4/2020,0.8,31,0.2,0
Female,480900,11/5/2020,50.6,7642,42.7,50.3
Male,462738,11/5/2020,48.7,10225,57.1,49.7
Unknown,7456,11/5/2020,0.8,31,0.2,0
Female,483919,11/6/2020,50.6,7662,42.7,50.3
Male,465544,11/6/2020,48.6,10251,57.1,49.7
Unknown,7494,11/6/2020,0.8,31,0.2,0
Female,487884,11/7/2020,50.6,7689,42.7,50.3
Male,469207,11/7/2020,48.6,10297,57.2,49.7
Unknown,7548,11/7/2020,0.8,31,0.2,0
Female,491542,11/8/2020,50.6,7690,42.7,50.3
Male,472695,11/8/2020,48.6,10298,57.2,49.7
Unknown,7614,11/8/2020,0.8,31,0.2,0
Female,494286,11/9/2020,50.6,7695,42.7,50.3
Male,475297,11/9/2020,48.6,10301,57.1,49.7
Unknown,7635,11/9/2020,0.8,31,0.2,0
Female,497954,11/10/2020,50.6,7722,42.7,50.3
Male,479043,11/10/2020,48.6,10341,57.2,49.7
Unknown,7685,11/10/2020,0.8,31,0.2,0
Female,501490,11/11/2020,50.6,7740,42.7,50.3
Male,482394,11/11/2020,48.6,10366,57.2,49.7
Unknown,7725,11/11/2020,0.8,31,0.2,0
Female,505051,11/12/2020,50.6,7753,42.7,50.3
Male,485678,11/12/2020,48.6,10379,57.1,49.7
Unknown,7773,11/12/2020,0.8,31,0.2,0
Female,510169,11/13/2020,50.6,7780,42.7,50.3
Male,490387,11/13/2020,48.6,10426,57.2,49.7
Unknown,7821,11/13/2020,0.8,31,0.2,0
Female,515924,11/14/2020,50.6,7804,42.6,50.3
Male,495550,11/14/2020,48.6,10466,57.2,49.7
Unknown,7871,11/14/2020,0.8,32,0.2,0
Female,520859,11/15/2020,50.6,7817,42.7,50.3
Male,500408,11/15/2020,48.6,10475,57.2,49.7
Unknown,7968,11/15/2020,0.8,31,0.2,0
Female,525328,11/16/2020,50.6,7825,42.7,50.3
Male,504618,11/16/2020,48.6,10487,57.2,49.7
Unknown,8032,11/16/2020,0.8,31,0.2,0
Female,530421,11/17/2020,50.6,7848,42.7,50.3
Male,509304,11/17/2020,48.6,10516,57.2,49.7
Unknown,8064,11/17/2020,0.8,31,0.2,0
Female,536393,11/18/2020,50.6,7897,42.7,50.3
Male,514692,11/18/2020,48.6,10574,57.2,49.7
Unknown,8182,11/18/2020,0.8,31,0.2,0
Female,543000,11/19/2020,50.6,7925,42.6,50.3
Male,520928,11/19/2020,48.6,10637,57.2,49.7
Unknown,8344,11/19/2020,0.8,31,0.2,0
Female,550885,11/20/2020,50.6,7966,42.6,50.3
Male,528371,11/20/2020,48.6,10684,57.2,49.7
Unknown,8458,11/20/2020,0.8,31,0.2,0
Female,558242,11/21/2020,50.7,7996,42.6,50.3
Male,535242,11/21/2020,48.6,10727,57.2,49.7
Unknown,8549,11/21/2020,0.8,31,0.2,0
Female,562480,11/22/2020,50.7,8005,42.6,50.3
Male,539261,11/22/2020,48.6,10759,57.2,49.7
Unknown,8629,11/22/2020,0.8,32,0.2,0
Female,570248,11/23/2020,50.7,8013,42.6,50.3
Male,546676,11/23/2020,48.6,10772,57.2,49.7
Unknown,8775,11/23/2020,0.8,32,0.2,0
Female,579540,11/24/2020,50.7,8062,42.6,50.3
Male,555627,11/24/2020,48.6,10836,57.2,49.7
Unknown,8882,11/24/2020,0.8,32,0.2,0
Female,586945,11/25/2020,50.7,8109,42.6,50.3
Male,562702,11/25/2020,48.6,10890,57.2,49.7
Unknown,9042,11/25/2020,0.8,32,0.2,0
Female,593595,11/26/2020,50.7,8134,42.6,50.3
Male,568573,11/26/2020,48.5,10942,57.3,49.7
Unknown,9156,11/26/2020,0.8,33,0.2,0
Female,599687,11/27/2020,50.7,8153,42.6,50.3
Male,574323,11/27/2020,48.5,10969,57.3,49.7
Unknown,9310,11/27/2020,0.8,32,0.2,0
Female,607559,11/28/2020,50.7,8169,42.6,50.3
Male,581955,11/28/2020,48.5,10989,57.3,49.7
Unknown,9420,11/28/2020,0.8,31,0.2,0
Female,614770,11/29/2020,50.7,8185,42.6,50.3
Male,588688,11/29/2020,48.5,11004,57.3,49.7
Unknown,9510,11/29/2020,0.8,31,0.2,0
Female,620979,11/30/2020,50.7,8200,42.6,50.3
Male,594629,11/30/2020,48.5,11018,57.2,49.7
Unknown,9581,11/30/2020,0.8,31,0.2,0
Female,631636,12/1/2020,50.7,8253,42.6,50.3
Male,604591,12/1/2020,48.5,11084,57.2,49.7
Unknown,9721,12/1/2020,0.8,31,0.2,0
Female,641220,12/2/2020,50.7,8300,42.6,50.3
Male,613458,12/2/2020,48.5,11150,57.2,49.7
Unknown,9861,12/2/2020,0.8,31,0.2,0
Female,652467,12/3/2020,50.7,8387,42.6,50.3
Male,623621,12/3/2020,48.5,11260,57.2,49.7
Unknown,10469,12/3/2020,0.8,35,0.2,0
Female,665309,12/4/2020,50.7,8438,42.6,50.3
Male,635029,12/4/2020,48.4,11322,57.2,49.7
Unknown,11287,12/4/2020,0.9,48,0.2,0
Female,680749,12/5/2020,50.7,8481,42.6,50.3
Male,648919,12/5/2020,48.4,11398,57.2,49.7
Unknown,12032,12/5/2020,0.9,51,0.3,0
Female,692213,12/6/2020,50.7,8497,42.4,50.3
Male,659664,12/6/2020,48.3,11411,57,49.7
Unknown,14558,12/6/2020,1.1,120,0.6,0
Female,704086,12/7/2020,50.7,8512,42.4,50.3
Male,670664,12/7/2020,48.3,11453,57,49.7
Unknown,14957,12/7/2020,1.1,122,0.6,0
Female,720067,12/8/2020,50.7,8594,42.4,50.3
Male,685250,12/8/2020,48.2,11540,57,49.7
Unknown,15241,12/8/2020,1.1,121,0.6,0
Female,734995,12/9/2020,50.7,8677,42.4,50.3
Male,699325,12/9/2020,48.2,11654,57,49.7
Unknown,15915,12/9/2020,1.1,127,0.6,0
Female,752554,12/10/2020,50.7,8752,42.4,50.3
Male,716500,12/10/2020,48.2,11759,57,49.7
Unknown,16649,12/10/2020,1.1,132,0.6,0
Female,770245,12/11/2020,50.6,8817,42.4,50.3
Male,733826,12/11/2020,48.2,11860,57,49.7
Unknown,17361,12/11/2020,1.1,135,0.6,0
Female,785571,12/12/2020,50.6,8883,42.3,50.3
Male,748541,12/12/2020,48.2,11976,57,49.7
Unknown,17654,12/12/2020,1.1,136,0.6,0
Female,801788,12/13/2020,50.6,8924,42.3,50.3
Male,764445,12/13/2020,48.2,12023,57,49.7
Unknown,18811,12/13/2020,1.2,141,0.7,0
Female,817969,12/14/2020,50.6,8964,42.3,50.3
Male,779969,12/14/2020,48.2,12071,57,49.7
Unknown,19432,12/14/2020,1.2,143,0.7,0
Female,845211,12/15/2020,50.6,9053,42.3,50.3
Male,806004,12/15/2020,48.2,12215,57.1,49.7
Unknown,19866,12/15/2020,1.2,142,0.7,0
Female,871834,12/16/2020,50.6,9224,42.3,50.3
Male,831105,12/16/2020,48.2,12450,57.1,49.7
Unknown,20423,12/16/2020,1.2,143,0.7,0
Female,892599,12/17/2020,50.6,9358,42.4,50.3
Male,850327,12/17/2020,48.2,12581,57,49.7
Unknown,21448,12/17/2020,1.2,141,0.6,0
Female,914674,12/18/2020,50.6,9479,42.4,50.3
Male,871318,12/18/2020,48.2,12726,56.9,49.7
Unknown,21990,12/18/2020,1.2,141,0.6,0
Female,938123,12/19/2020,50.6,9586,42.5,50.3
Male,893568,12/19/2020,48.2,12843,56.9,49.7
Unknown,22765,12/19/2020,1.2,142,0.6,0
Female,957231,12/20/2020,50.6,9653,42.5,50.3
Male,911353,12/20/2020,48.2,12920,56.9,49.7
Unknown,23764,12/20/2020,1.3,142,0.6,0
Female,973832,12/21/2020,50.6,9698,42.5,50.3
Male,927136,12/21/2020,48.2,12985,56.9,49.7
Unknown,24039,12/21/2020,1.2,143,0.6,0
Female,993649,12/22/2020,50.6,9809,42.5,50.3
Male,945758,12/22/2020,48.2,13145,56.9,49.7
Unknown,24669,12/22/2020,1.3,143,0.6,0
Female,993649,12/23/2020,50.6,9809,42.5,50.3
Male,945758,12/23/2020,48.2,13145,56.9,49.7
Unknown,24669,12/23/2020,1.3,143,0.6,0
Female,1032256,12/24/2020,50.5,10097,42.6,50.3
Male,981655,12/24/2020,48.1,13482,56.8,49.7
Unknown,28379,12/24/2020,1.4,145,0.6,0
Female,1047549,12/25/2020,50.5,10164,42.5,50.3
Male,996208,12/25/2020,48.1,13592,56.9,49.7
Unknown,28908,12/25/2020,1.4,146,0.6,0
Female,1072965,12/26/2020,50.5,10254,42.5,50.3
Male,1019441,12/26/2020,48,13720,56.9,49.7
Unknown,30400,12/26/2020,1.4,147,0.6,0
Female,1089254,12/27/2020,50.5,10273,42.5,50.3
Male,1035476,12/27/2020,48,13773,56.9,49.7
Unknown,31246,12/27/2020,1.4,149,0.6,0
Female,1105129,12/28/2020,50.5,10325,42.5,50.3
Male,1050241,12/28/2020,48,13837,56.9,49.7
Unknown,31851,12/28/2020,1.5,149,0.6,0
Female,1121071,12/29/2020,50.5,10513,42.5,50.3
Male,1064781,12/29/2020,48,14075,56.9,49.7
Unknown,32290,12/29/2020,1.5,150,0.6,0
Female,1121071,12/30/2020,50.5,10513,42.5,50.3
Male,1064781,12/30/2020,48,14075,56.9,49.7
Unknown,32290,12/30/2020,1.5,150,0.6,0
Female,1159463,12/31/2020,50.6,10960,42.5,50.3
Male,1099312,12/31/2020,48,14684,56.9,49.7
Unknown,33793,12/31/2020,1.5,158,0.6,0
Female,1186867,1/1/2021,50.6,11129,42.4,50.3
Male,1123490,1/1/2021,47.9,14945,57,49.7
Unknown,35552,1/1/2021,1.5,162,0.6,0
Female,1210473,1/2/2021,50.6,11232,42.4,50.3
Male,1144460,1/2/2021,47.9,15092,57,49.7
Unknown,36328,1/2/2021,1.5,170,0.6,0
Female,1225955,1/3/2021,50.6,11258,42.4,50.3
Male,1158092,1/3/2021,47.8,15134,57,49.7
Unknown,36847,1/3/2021,1.5,169,0.6,0
Female,1242402,1/4/2021,50.7,11365,42.4,50.3
Male,1172610,1/4/2021,47.8,15269,57,49.7
Unknown,37322,1/4/2021,1.5,173,0.6,0
Female,1257880,1/5/2021,50.7,11538,42.4,50.3
Male,1186641,1/5/2021,47.8,15508,57,49.7
Unknown,37705,1/5/2021,1.5,176,0.6,0
Female,1276663,1/6/2021,50.7,11778,42.4,50.3
Male,1203388,1/6/2021,47.8,15856,57,49.7
Unknown,38560,1/6/2021,1.5,177,0.6,0
Female,1303646,1/7/2021,50.8,12045,42.5,50.3
Male,1228087,1/7/2021,47.8,16234,57.2,49.7
Unknown,36908,1/7/2021,1.4,87,0.3,0
Female,1330617,1/8/2021,50.8,12304,42.4,50.3
Male,1252120,1/8/2021,47.8,16597,57.2,49.7
Unknown,38540,1/8/2021,1.5,95,0.3,0
Female,1355858,1/9/2021,50.8,12515,42.4,50.3
Male,1275068,1/9/2021,47.7,16881,57.2,49.7
Unknown,40036,1/9/2021,1.5,100,0.3,0
Female,1376112,1/10/2021,50.8,12696,42.4,50.3
Male,1293614,1/10/2021,47.7,17113,57.2,49.7
Unknown,41075,1/10/2021,1.5,102,0.3,0
Female,1395192,1/11/2021,50.8,12773,42.4,50.3
Male,1310582,1/11/2021,47.7,17229,57.2,49.7
Unknown,41514,1/11/2021,1.5,103,0.3,0
Female,1412663,1/12/2021,50.8,13005,42.4,50.3
Male,1326329,1/12/2021,47.7,17575,57.3,49.7
Unknown,42047,1/12/2021,1.5,105,0.3,0
Female,1430937,1/13/2021,50.8,13206,42.3,50.3
Male,1342772,1/13/2021,47.7,17906,57.4,49.7
Unknown,43260,1/13/2021,1.5,110,0.4,0
Female,1452415,1/14/2021,50.8,13370,42.2,50.3
Male,1362689,1/14/2021,47.7,18164,57.4,49.7
Unknown,44520,1/14/2021,1.6,113,0.4,0
Female,1472785,1/15/2021,50.8,13626,42.3,50.3
Male,1381856,1/15/2021,47.6,18502,57.4,49.7
Unknown,45605,1/15/2021,1.6,122,0.4,0
Female,1494299,1/16/2021,50.8,13843,42.2,50.3
Male,1401611,1/16/2021,47.6,18838,57.4,49.7
Unknown,46565,1/16/2021,1.6,132,0.4,0
Female,1509908,1/17/2021,50.8,13962,42.1,50.3
Male,1416011,1/17/2021,47.6,19041,57.5,49.7
Unknown,47255,1/17/2021,1.6,136,0.4,0
Female,1522042,1/18/2021,50.8,14043,42.1,50.3
Male,1427479,1/18/2021,47.6,19181,57.5,49.7
Unknown,47447,1/18/2021,1.6,140,0.4,0
Female,1533625,1/19/2021,50.8,14183,42.1,50.3
Male,1438031,1/19/2021,47.6,19363,57.5,49.7
Unknown,47715,1/19/2021,1.6,144,0.4,0
Female,1543711,1/20/2021,50.8,14457,42.1,50.3
Male,1447072,1/20/2021,47.6,19740,57.5,49.7
Unknown,48261,1/20/2021,1.6,148,0.4,0
Female,1555674,1/21/2021,50.8,14736,42.1,50.3
Male,1458031,1/21/2021,47.6,20139,57.5,49.7
Unknown,48363,1/21/2021,1.6,154,0.4,0
Female,1567416,1/22/2021,50.8,14935,42,50.3
Male,1468874,1/22/2021,47.6,20452,57.5,49.7
Unknown,48750,1/22/2021,1.6,157,0.4,0
Female,1579552,1/23/2021,50.8,15193,42,50.3
Male,1480659,1/23/2021,47.6,20857,57.6,49.7
Unknown,48940,1/23/2021,1.6,158,0.4,0
Female,1593139,1/24/2021,50.8,15286,41.9,50.3
Male,1493610,1/24/2021,47.6,21002,57.6,49.7
Unknown,49409,1/24/2021,1.6,160,0.4,0
Female,1601818,1/25/2021,50.8,15370,41.9,50.3
Male,1501958,1/25/2021,47.6,21129,57.6,49.7
Unknown,49410,1/25/2021,1.6,161,0.4,0
Female,1610402,1/26/2021,50.8,15656,41.9,50.3
Male,1510132,1/26/2021,47.6,21506,57.6,49.7
Unknown,49380,1/26/2021,1.6,164,0.4,0
Female,1618782,1/27/2021,50.8,15955,41.9,50.3
Male,1518121,1/27/2021,47.6,21947,57.6,49.7
Unknown,49707,1/27/2021,1.6,168,0.4,0
Female,1628412,1/28/2021,50.8,16215,41.9,50.3
Male,1527644,1/28/2021,47.7,22279,57.6,49.7
Unknown,49891,1/28/2021,1.6,173,0.4,0
Female,1637851,1/29/2021,50.8,16477,41.9,50.3
Male,1536611,1/29/2021,47.7,22669,57.6,49.7
Unknown,49912,1/29/2021,1.5,177,0.5,0
Female,1647516,1/30/2021,50.8,16733,41.9,50.3
Male,1545854,1/30/2021,47.7,23002,57.6,49.7
Unknown,49978,1/30/2021,1.5,178,0.4,0
Female,1655273,1/31/2021,50.8,16878,41.9,50.3
Male,1553217,1/31/2021,47.7,23202,57.6,49.7
Unknown,50216,1/31/2021,1.5,183,0.5,0
Female,1661448,2/1/2021,50.8,16957,41.9,50.3
Male,1559144,2/1/2021,47.7,23316,57.6,49.7
Unknown,50178,2/1/2021,1.5,184,0.5,0
Female,1666909,2/2/2021,50.8,17158,41.8,50.3
Male,1564212,2/2/2021,47.7,23671,57.7,49.7
Unknown,50150,2/2/2021,1.5,189,0.5,0
Female,1673610,2/3/2021,50.8,17407,41.8,50.3
Male,1570616,2/3/2021,47.7,24036,57.7,49.7
Unknown,50221,2/3/2021,1.5,191,0.5,0
Female,1680602,2/4/2021,50.8,17712,41.8,50.3
Male,1577423,2/4/2021,47.7,24501,57.8,49.7
Unknown,50443,2/4/2021,1.5,200,0.5,0
Female,1686938,2/5/2021,50.8,17961,41.8,50.3
Male,1583368,2/5/2021,47.7,24850,57.8,49.7
Unknown,50556,2/5/2021,1.5,207,0.5,0
Female,1694648,2/6/2021,50.8,18124,41.7,50.3
Male,1590682,2/6/2021,47.7,25117,57.8,49.7
Unknown,50596,2/6/2021,1.5,215,0.5,0
Female,1699904,2/7/2021,50.8,18233,41.7,50.3
Male,1595640,2/7/2021,47.7,25289,57.8,49.7
Unknown,50796,2/7/2021,1.5,213,0.5,0
Female,1704207,2/8/2021,50.8,18296,41.7,50.3
Male,1599569,2/8/2021,47.7,25395,57.8,49.7
Unknown,50815,2/8/2021,1.5,214,0.5,0
Female,1708439,2/9/2021,50.8,18493,41.6,50.3
Male,1603715,2/9/2021,47.7,25717,57.9,49.7
Unknown,50827,2/9/2021,1.5,215,0.5,0
Female,1712835,2/10/2021,50.8,18710,41.6,50.3
Male,1607931,2/10/2021,47.7,26063,57.9,49.7
Unknown,50790,2/10/2021,1.5,217,0.5,0
Female,1717877,2/11/2021,50.8,18920,41.6,50.3
Male,1612786,2/11/2021,47.7,26374,57.9,49.7
Unknown,50952,2/11/2021,1.5,226,0.5,0
Female,1722603,2/12/2021,50.8,19103,41.5,50.3
Male,1617383,2/12/2021,47.7,26653,58,49.7
Unknown,51050,2/12/2021,1.5,230,0.5,0
Female,1727045,2/13/2021,50.8,19298,41.5,50.3
Male,1621806,2/13/2021,47.7,26931,58,49.7
Unknown,51027,2/13/2021,1.5,228,0.5,0
Female,1730360,2/14/2021,50.8,19394,41.5,50.3
Male,1624937,2/14/2021,47.7,27097,58,49.7
Unknown,51068,2/14/2021,1.5,228,0.5,0
Female,1733301,2/15/2021,50.8,19427,41.5,50.3
Male,1627698,2/15/2021,47.7,27139,58,49.7
Unknown,51058,2/15/2021,1.5,229,0.5,0
Female,1735351,2/16/2021,50.8,19549,41.5,50.3
Male,1629733,2/16/2021,47.7,27308,58,49.7
Unknown,51063,2/16/2021,1.5,229,0.5,0
Female,1738179,2/17/2021,50.8,19713,41.5,50.3
Male,1632464,2/17/2021,47.7,27593,58,49.7
Unknown,51077,2/17/2021,1.5,231,0.5,0
Female,1741520,2/18/2021,50.8,19866,41.4,50.3
Male,1635830,2/18/2021,47.7,27871,58.1,49.7
Unknown,51168,2/18/2021,1.5,236,0.5,0
Female,1744886,2/19/2021,50.8,20049,41.4,50.3
Male,1639066,2/19/2021,47.7,28126,58.1,49.7
Unknown,51234,2/19/2021,1.5,239,0.5,0
Female,1748322,2/20/2021,50.8,20205,41.4,50.3
Male,1642318,2/20/2021,47.7,28359,58.1,49.7
Unknown,51306,2/20/2021,1.5,243,0.5,0
Female,1750671,2/21/2021,50.8,20294,41.4,50.3
Male,1644578,2/21/2021,47.7,28502,58.1,49.7
Unknown,51362,2/21/2021,1.5,243,0.5,0
Female,1752452,2/22/2021,50.8,20327,41.4,50.3
Male,1646261,2/22/2021,47.7,28559,58.1,49.7
Unknown,51345,2/22/2021,1.5,243,0.5,0
Female,1755203,2/23/2021,50.8,20480,41.4,50.3
Male,1648874,2/23/2021,47.7,28748,58.1,49.7
Unknown,51284,2/23/2021,1.5,242,0.5,0
Female,1757746,2/24/2021,50.8,20985,41.4,50.3
Male,1651296,2/24/2021,47.7,29420,58.1,49.7
Unknown,51284,2/24/2021,1.5,243,0.5,0
>>>>>>> e803abca8ad3094f0700bcf3636bd9417aa87c4f,,,,,,
